unique_identifier,appl_month,prod_name,acq_channel,state_code,bureau_src,risk_score_1,bureau_score,limit,income,old_open_trd_ms,no_open_trd,no_trd,debt_cap,basic_max_trd_tnr,basic_no_trd,risk_score_2,trust_identity,risk_score_3,no_inq,risk_score_4,income_incons,bureau_mismatch,risk_score_5,risk_score_6,addr_mismatch,basic_old_open_trd_ms,addr_ds,dl_id,addr_changes,no_phn_to_addr,no_nid_to_addr,no_uid_to_addr,uid_addr_matches,uid_nid_matches,home_value,no_addr_to_nid,risk_score_7,no_trd_del,spend,payments,return_payments,attempt_txn,decline_txn,merchant1,merchant1_amt,merchant1_ten,merchant1_cat,merchant2,merchant2_amt,merchant2_ten,merchant2_cat,merchant3,merchant3_amt,merchant3_ten,merchant3_cat,risk_score_8,risk_score_9,risk_score_10,risk_score_11,default_ind
158686,Jun,Product 6,Channel 1,CA,Bureau 1,5.6,900,2000,100000,1,1,1,59921.61667,1,1,0.02333,N,6,1,500,0.404,0,24,45,N,1,33,0,0,8,18,23,0,0,398415,24,472,-1,11725,0,31620,16,14,113018,2.2,12,1,168811,0,71,0,0,0,0,0,0.002,0.0015,0.035,0.2787,1
118746,Feb,Product 1,Channel 4,IL,Bureau 1,4.2,900,5000,50000,3,2,3,35558.33333,3,3,0.02055,N,2,5,120,0.27777,0,25,28,N,3,100,0,2,104,165,210,0,-1,0,-1,427,2,6900,3142,0,28,27,168287,880.3,12,0,168803,0,47,0,0,0,0,0,0.01,0.0031,0.116,0.2275,1
140105,Apr,Product 7,Channel 4,NV,Bureau 1,5.1,700,1000,25000,8,4,4,14375,7,3,0.00784,Y,0,1,91,0.11111,0,60,84,N,7,390,7,1,58,0,0,5,6,352000,0,308,2,16438,2200,0,96,39,168031,4091.58,12,0,168052,2721.23,12,0,168049,2477.77,10,0,0.001,0,0.037,0.1592,1
152895,Jun,Product 1,Channel 2,FL,Bureau 1,3.1,700,6000,80000,10,3,3,56016.33333,10,2,0.0376,N,2,1,50,0.32,0,98,76,N,10,310,0,1,5,7,10,3,3,575170,10,205,0,852,485,0,24,0,149155,165,12,1,167966,103.13,11,0,167945,41,11,0,0.999,0.001,0.052,0.1592,1
116031,Feb,Product 1,Channel 1,FL,Bureau 1,2,750,2000,85000,21,3,4,61773.6,21,3,0.0255,N,34,2,500,0.39111,1,69,27,N,21,641,6,3,10,21,56,4,3,4158000,1,370,2,4722,0,0,4,2,159187,4690,0,1,167730,31.79,12,1,149532,0,3,1,0.832,0.01,0.022,0.1314,1
130049,Mar,Product 1,Channel 4,GA,Bureau 1,2.8,750,2000,75000,8,1,1,56752.6894,8,1,0.06232,Y,52,0,59,0.50317,0,74,86,N,8,1128,4,3,6,8,9,4,6,454470,8,475,0,29330.96,9182,0,231,16,105011,15960,0,1,167633,1043.98,12,0,166953,966.98,12,0,0,0,0.055,0.2035,1
131211,Mar,Product 11,Channel 1,LA,Bureau 1,7.5,675,1000,280000,81,4,4,142694.8032,11,3,0.03381,Y,2,1,5,1.41027,0,98,85,N,11,479,2,2,7,7,10,4,3,638200,7,193,1,2249.51,80,0,40,8,152051,500,12,1,167603,449.89,12,1,159616,224.62,12,1,0.003,0.0002,0.025,0.1609,1
131237,Apr,Product 1,Channel 3,IL,Bureau 2,0.3,800,9100,85000,251,9,25,46186.66667,0,0,0.0032,Y,67,1,0,0.60714,0,55,95,Y,251,4321,0,0,11,11,10,8,4,283148,5,479,22,5032.73,1358.8371,0,14,3,163070,4499.94,11,1,167574,424.79,12,0,137918,108,9,1,0.016,0.0006,0.018,0.3218,1
131250,Apr,Product 1,Channel 3,NC,Bureau 2,1.3,725,8000,55000,354,1,13,38000,0,0,0.01931,Y,156,0,0,0.20357,0,62,15,Y,354,1026,6,6,12,22,22,5,5,821996,16,463,12,7697,2540.01,0,74,16,163070,5249.93,11,1,167574,1121.46,12,0,164843,863.83,1,1,0.01,0.0006,0.106,0.3218,1
131246,Apr,Product 1,Channel 3,NJ,Bureau 2,0.3,800,25000,60000,254,3,13,40000,0,0,0.0097,Y,48,0,0,0.2439,0,55,95,Y,254,9569,-1,0,2,6,9,0,0,176000,8,467,12,7462,2238.6,0,10,3,163070,2249.97,11,1,167574,1455.48,12,0,164843,21.86,1,1,0.009,0.0003,0.132,0.3716,1
110403,Feb,Product 4,Channel 4,NY,Bureau 1,4.4,700,1000,75000,91,1,7,48050.56667,84,6,0.05735,N,3,0,194,0.42777,1,67,84,N,84,1819,0,6,58,18,51,0,3,600000,12,327,5,7462,0,0,10,3,163070,2249.97,11,1,167574,1455.48,12,0,164843,21.86,1,1,0.001,0,0.062,0.1517,1
144473,May,Product 1,Channel 3,VA,Bureau 1,5,900,1000,40000,4,1,1,28520,4,1,0.01484,N,2,2,5,0.15999,0,69,86,N,4,107,0,4,10,13,20,5,3,612843,20,276,0,24982,0,0,18,5,164428,5516.31,2,0,167345,4908.33,12,0,163070,2249.97,11,1,0.005,0.0002,0.119,0.149,1
131256,Apr,Product 1,Channel 3,CT,Bureau 2,1.6,800,14700,70000,401,1,1,48000,0,0,0.01814,Y,25,0,0,0.32727,0,62,19,Y,-1,2102,4,6,1,5,5,3,6,350168,3,471,0,24982,0,0,18,5,164428,5516.31,2,0,167345,4908.33,12,0,163070,2249.97,11,1,0.005,0.0002,0.119,0.3218,1
142058,May,Product 7,Channel 2,CA,Bureau 1,0,900,3100,30000,0,0,0,8559.666667,0,0,0.01662,N,6,0,907,0.17142,0,27,84,Y,0,0,0,0,85,255,255,0,-1,0,255,466,-1,6985,1405,13430,97,52,156589,2526,12,0,167228,1368.26,12,1,151675,654.48,12,0,0.145,0.003,0.05,0.2787,1
105831,Jan,Product 1,Channel 1,CA,Bureau 1,4.8,725,6000,35000,27,3,4,17280.66667,27,4,0.001,Y,0,1,85,0.31778,0,68,48,N,27,1861,4,4,49,33,53,2,7,0,9,276,3,7353,5497,0,52,4,168018,1526.9,12,0,166965,1322.9,12,0,168385,1135.1,12,0,0.011,0.0087,0.124,0.3218,1
109785,Jan,Product 1,Channel 3,TX,Bureau 2,7.6,900,5000,45000,2,1,1,33841.66667,0,0,0.06769,N,0,1,50,0.18,0,24,15,N,2,19,0,0,12,22,27,1,-1,321816,-1,425,-1,8239,0,0,16,6,163070,2249.97,11,1,166949,1110.67,12,1,164838,975,0,1,0.005,0.0039,0.035,0.2035,1
131239,Apr,Product 1,Channel 3,NY,Bureau 2,0.8,775,14000,50000,379,3,4,33333.33333,0,0,0.04005,Y,41,0,0,0.33333,0,52,95,Y,-1,9370,2,6,2,6,5,9,5,392318,3,474,3,8239,708,0,16,6,163070,2249.97,11,1,166949,1110.67,12,1,164838,975,0,1,0,0,0.041,0.4551,1
137021,Apr,Product 6,Channel 2,CA,Bureau 1,3.5,900,1700,90000,0,0,0,55406.73333,0,0,0.04655,N,1,2,503,0.49662,0,24,15,N,0,56,0,0,6,10,13,0,0,440000,14,376,-1,69929,65506,5000,253,13,147515,8024.2,12,0,166924,7685,12,0,124262,6048.23,12,0,0.007,0.0003,0.078,0.1762,1
139530,Apr,Product 6,Channel 3,CA,Bureau 1,1.3,900,5000,80000,5,1,1,49512.4,5,1,0.01277,N,6,1,500,0.336,0,24,45,N,5,104,0,1,11,23,22,3,3,0,31,314,0,8733,2658,2300,8,0,150020,1578.26,2,1,166894,1365,12,0,125425,497.56,0,1,0,0,0.049,0.1858,1
150593,May,Product 1,Channel 2,FL,Bureau 2,2.1,800,2000,40000,121,5,27,26583,0,0,0.00504,Y,66,1,940,0.2,0,99,98,N,121,2568,7,6,133,0,0,6,3,0,0,255,24,6955,1820,7160,64,10,124596,3499,12,0,166880,500,12,0,158060,494,10,1,0.056,0.0035,0.419,0.149,1
131210,Mar,Product 1,Channel 2,CA,Bureau 2,6.1,775,1000,60000,91,3,3,35777.77333,0,0,0.07919,N,120,1,52,0.24679,0,68,81,N,4,87,0,4,60,77,95,3,3,0,142,373,0,12049,6589,6050,43,6,124596,2000,12,0,166023,1663.08,12,0,157753,1339.56,12,0,0,0,0.107,0.2878,1
106072,Jan,Product 1,Channel 1,CA,No Bureau Hit,8.8,700,1000,120000,21,7,9,72113.33333,21,9,0.04198,N,6,8,500,0.5102,0,50,15,N,21,1213,0,3,12,47,51,3,3,805000,1,371,8,13576,7856,4601,228,23,155524,1800,12,0,165179,1347.1,12,0,165181,1110.21,0,0,0.014,0.002,0.199,0.1314,1
141662,May,Product 1,Channel 3,CT,Bureau 2,0.6,800,15000,65000,528,7,14,43333.33333,0,0,0.00983,Y,176,1,0,0.29545,0,62,15,Y,157,6517,6,6,6,4,4,7,0,924953,5,466,12,3065.49,0,0,12,3,163070,2249.97,11,1,164845,538.12,0,1,167345,277.4,12,0,0,0,0.043,0.3218,1
131249,Apr,Product 1,Channel 3,NY,No Bureau Hit,0.8,900,9100,55000,0,0,0,0,0,0,0.0457,Y,87,0,0,0.28499,0,65,19,Y,0,10063,2,6,2,6,9,9,5,0,5,476,-1,8614,584,0,44,10,163070,4499.94,11,1,164843,1408.42,1,1,166722,991.12,12,0,0.149,0.0025,0.159,0.3218,1
138594,Apr,Product 1,Channel 4,CO,Bureau 1,2,725,3300,30000,208,3,6,21291.66667,208,5,0.01691,Y,3,2,902,0.20625,0,99,88,N,208,8028,4,6,5,14,15,10,3,561891,17,434,3,15542,0,0,23,3,163070,5999.92,11,1,164843,1611.93,1,1,167056,153.56,4,1,0,0,0,0.1662,1
131247,Apr,Product 1,Channel 3,NY,Bureau 2,1.4,725,8000,55000,170,2,13,38666.66667,0,0,0.0115,N,176,0,0,0.232,0,62,0,Y,159,8930,-1,0,3,7,9,0,0,400798,6,471,10,15542,1128.86,0,23,3,163070,5999.92,11,1,164843,1611.93,1,1,167056,153.56,4,1,0,0,0.013,0.3716,1
131240,Apr,Product 1,Channel 3,NY,Bureau 2,0.2,800,16500,55000,385,10,22,29706.66667,0,0,0.01669,Y,34,0,0,0.31521,0,62,19,Y,385,10529,2,6,0,16,18,10,5,294916,3,475,21,8982,502.98,0,17,0,163070,5249.93,11,1,164838,2902,1,1,165012,450.44,12,0,0.001,0.0002,0.034,0.3941,1
131236,Apr,Product 1,Channel 3,NY,Bureau 2,0.3,800,20000,60000,605,7,14,40000,0,0,0.01923,Y,162,0,0,0.3,0,65,19,Y,276,9949,2,6,1,3,4,9,5,255256,4,477,11,26468,4300,0,36,3,163070,8999.88,11,1,164838,2461,1,1,167345,711.38,12,0,0,0,0.035,0.3716,1
112964,Feb,Product 1,Channel 3,NY,No Bureau Hit,0,750,11000,75000,0,0,0,17760.23333,0,0,0.00298,NA,0,0,0,0.45454,0,96,29,NA,0,-1,-1,-1,-1,-1,-1,-1,-1,0,-1,415,-1,50080,19842,0,23,1,163070,38523.3,11,1,164730,9503.26,11,1,164201,704.6,12,0,0.021,0.0007,0.069,0.1314,1
111730,Feb,Product 1,Channel 3,MA,Bureau 1,12.7,900,1000,30000,0,1,1,24107.26667,0,1,0.06229,N,1,0,490,0.20715,0,24,0,N,0,18,0,0,12,83,89,0,-1,0,-1,451,-1,8697.3,5199,0,8,5,167932,3148.24,12,0,164456,2401.06,0,0,0,0,0,0,0.021,0.0014,0.049,0.1239,1
111995,Feb,Product 1,Channel 2,LA,Bureau 1,4.4,750,1000,75000,172,3,10,52427.5,172,7,0.00521,Y,130,1,73,0.375,0,65,76,N,172,201,2,1,0,2,2,4,5,345206,3,458,6,1242.26,40,0,6,2,131038,604.44,12,0,164411,16.72,9,0,167616,1.1,12,0,0.057,0.0012,0.122,0.1971,1
140941,Apr,Product 6,Channel 3,CA,Bureau 1,1.1,900,5000,120000,2,1,1,74160.41667,2,1,0.02668,N,0,1,500,0.59241,0,24,0,N,2,60,0,0,82,112,181,0,0,550000,232,417,-1,43478,16122,0,49,29,159616,5145.3,0,1,164242,611.81,12,0,112307,294,8,1,0.005,0.0005,0.012,0.1517,1
128457,Mar,Product 1,Channel 3,WA,No Bureau Hit,0,725,17900,160000,0,0,0,130278.1623,0,0,0.00097,NA,0,0,0,0.648,0,96,58,NA,0,-1,-1,-1,-1,-1,-1,-1,-1,0,-1,401,-1,246636,89020,0,580,8,163070,36878.7,11,1,164231,12377.92,12,0,156589,2771.81,12,0,0.767,0.1161,0.022,0.1858,1
161004,Jun,Product 6,Channel 1,CA,Bureau 1,0.3,725,10000,90000,262,3,17,53042,262,15,0.00094,Y,0,0,5,0.33333,0,44,84,N,262,1655,2,4,0,2,5,6,3,1650000,3,129,15,8765,772,0,11,0,156661,6663.01,12,0,164218,1409.52,12,0,152011,547.5,12,0,0.006,0,0.181,0.4551,1
131040,Mar,Product 1,Channel 3,GA,No Bureau Hit,0,800,35000,160000,0,0,0,65255,0,0,0.00214,NA,1,0,0,0.64,0,98,76,NA,0,-1,-1,-1,-1,-1,-1,-1,-1,0,-1,431,-1,202374,82561,0,670,44,163070,5270.02,11,1,164201,3226.8,12,0,101441,2541.4,12,0,0.028,0,0,0.2493,1
140940,Apr,Product 6,Channel 3,CA,Bureau 1,1.4,900,5000,120000,2,1,1,74160.41667,2,1,0.03779,N,11,0,484,0.5,0,50,18,N,2,45,0,4,44,62,81,1,2,0,116,468,-1,20792,5875,2928,133,59,164912,1136.27,12,0,163905,812.38,0,1,167588,250.65,12,0,0.003,0.0001,0.035,0.2035,1
100011,Jan,Product 1,Channel 3,IL,Bureau 1,13.2,900,1000,85000,0,0,0,57706.66667,0,0,0.0734,N,46,1,191,0.48088,0,96,0,N,0,787,0,3,20,52,72,4,2,0,1,8,-1,20792,5875,2928,133,59,164912,1136.27,12,0,163905,812.38,0,1,167588,250.65,12,0,0.015,0.0016,0.112,0.149,1
140773,Apr,Product 6,Channel 3,CA,Bureau 1,2.2,900,5000,85000,3,1,1,50514.43667,3,1,0.0186,N,166,0,709,0.3428,0,67,19,N,3,21,0,0,111,0,0,1,0,0,0,455,0,6350,3676,0,29,5,162507,3286.83,11,1,163745,747.75,12,0,163744,453,5,0,0.021,0.0013,0.013,0.2035,1
118594,Feb,Product 6,Channel 1,NY,Bureau 2,1.6,900,2000,110000,0,0,0,85351.36797,0,0,0.02955,N,4,0,248,0.39483,1,24,0,N,0,213,0,2,28,0,0,0,1,0,1,356,-1,5074,6784,1700,51,21,110422,2630.26,12,0,163744,1842,12,0,161392,202.41,12,0,0.022,0.0003,0.137,0.1858,1
115254,Feb,Product 4,Channel 3,GA,Bureau 2,0,900,1000,120000,0,0,0,98558.13673,0,0,0.02961,N,0,0,3,0.61071,0,0,49,N,0,0,0,0,5,18,20,0,-1,0,-1,407,-1,8569,0,49301,33,8,101432,4523.45,12,0,163510,3416.64,12,1,151786,628.62,12,0,0.025,0.002,0.043,0.1503,1
137974,Apr,Product 1,Channel 3,MO,Bureau 2,0,900,2000,55000,0,0,0,49900.6311,0,0,0.04349,N,0,0,491,0.37528,0,22,45,Y,0,27,0,0,20,30,33,0,-1,14346100,33,418,-1,5159,1180,0,139,25,137268,501.1,3,1,163194,457.72,8,0,159596,376.1,12,1,0.028,0.002,0.016,0.1383,1
131253,Apr,Product 1,Channel 3,CT,No Bureau Hit,0.3,900,21000,65000,0,0,0,0,0,0,0.00981,N,92,0,0,0.5,0,62,15,Y,0,1077,-1,0,14,34,39,0,0,0,5,467,-1,2570.06,0,0,3,0,167574,2001.56,12,0,163070,568.5,11,1,0,0,0,0,0.007,0.0136,0.121,0.3941,1
141675,May,Product 1,Channel 3,IL,Bureau 2,0.4,850,10000,70000,376,19,44,46347.2,0,0,0.01852,Y,42,0,0,0.38918,0,27,19,N,376,3738,2,5,4,6,6,1,6,323754,6,478,29,11213,1354.73,0,5,0,164428,10848.66,11,0,163070,349.24,11,1,0,0,0,0,0.001,0,0.018,0.4551,1
141673,May,Product 1,Channel 3,PA,Bureau 2,0.4,800,15000,75000,219,3,6,58138.6,0,0,0.02142,Y,170,0,0,0.52,0,27,85,N,219,9087,4,6,4,12,14,11,6,341428,13,476,5,8368,807,0,4,0,164428,6289.36,11,0,163070,2069.52,11,1,0,0,0,0,0.001,0.0001,0.046,0.3716,1
141676,May,Product 1,Channel 3,AR,Bureau 2,0.6,800,6000,75000,217,5,14,56032.5,0,0,0.01255,Y,47,0,0,0.42492,0,65,19,N,217,1220,7,5,10,18,20,6,6,205000,20,485,12,8762,1154.32,0,7,0,164428,8553.26,12,0,163070,198.98,11,1,101474,1.1,12,0,0.288,0.0073,0.034,0.4551,1
141667,May,Product 1,Channel 3,CT,No Bureau Hit,0.5,900,6000,60000,0,0,0,0,0,0,0.01941,Y,161,0,0,0.35428,0,62,19,Y,0,10106,4,6,2,2,3,9,4,0,6,472,-1,5820,1396.8,0,6,0,164428,4889.8,2,0,163070,514.69,11,1,159596,206.07,12,1,0.019,0.0024,0.062,0.4551,1
131257,Apr,Product 1,Channel 3,CT,Bureau 2,1,775,15000,65000,409,4,5,43333.33333,0,0,0.06698,Y,158,0,0,0.29545,0,65,19,Y,171,10671,4,6,0,0,0,9,6,0,2,459,4,7859,999,0,5,0,164428,4959.91,2,0,163070,2249.97,11,1,164845,641.23,0,1,0.012,0.0046,0.061,0.3941,1
141664,May,Product 1,Channel 3,CT,Bureau 2,0.7,775,21600,70000,223,4,14,35340,0,0,0.00545,Y,137,1,0,0.32727,0,52,95,Y,161,10154,4,6,3,5,9,10,4,324245,9,456,10,10531,1895.58,0,22,6,164428,5318.81,2,0,163070,4499.94,11,1,164845,532.53,0,1,0.192,0.0047,0.012,0.3716,1
141670,May,Product 1,Channel 3,CT,No Bureau Hit,0.2,900,35000,70000,0,0,0,0,0,0,0.07423,Y,49,0,0,0.32558,0,65,19,N,0,176,2,5,6,12,13,4,5,0,10,464,-1,9775.7,1399.065,0,17,7,164428,7807.85,3,0,163070,1001,11,1,164845,966.85,2,1,0.002,0,0.019,0.3218,1
141668,May,Product 1,Channel 3,CT,No Bureau Hit,0.6,900,15000,60000,0,0,0,0,0,0,0.00541,Y,51,0,0,0.28837,0,62,19,Y,0,12399,4,6,1,8,9,10,5,0,3,465,-1,8284,976,0,9,3,164428,6545.21,2,0,163070,976.04,11,1,164845,749.99,0,1,0.123,0.0005,0,0.4551,1
131238,Apr,Product 1,Channel 3,NY,Bureau 1,0.1,800,18500,85000,310,4,16,54845.66667,310,12,0.00088,Y,157,0,0,0.35416,0,62,19,N,310,4673,0,0,2,17,20,7,0,576344,17,468,14,19653,2100,0,142,5,167574,2377.63,12,0,163070,2249.97,11,1,165540,2148.62,12,0,0,0,0.011,0.4551,1
141672,May,Product 1,Channel 3,OK,Bureau 2,0.2,800,7800,50000,378,8,15,37171.33333,0,0,0.00841,Y,51,0,0,0.17333,0,10,19,N,378,8198,4,6,4,5,6,9,6,294000,5,466,11,8653.18,855.5494,0,9,2,164845,4181.11,8,1,163070,106.97,11,1,166647,65.1,12,0,0.017,0.0001,0.038,0.3716,1
141666,May,Product 1,Channel 3,CT,No Bureau Hit,0.4,900,28500,70000,0,0,0,0,0,0,0.00762,Y,65,0,0,0.28,0,52,95,Y,0,7355,4,6,6,13,17,9,6,0,7,452,-1,8484,791,0,8,2,164428,4244.5,3,0,163070,2817.8,11,1,166647,749.99,12,0,0.009,0.0021,0.017,0.3716,1
131242,Apr,Product 1,Channel 3,NY,Bureau 2,0.6,800,13500,75000,359,3,4,50000,0,0,0.02215,N,135,0,0,0.38461,0,52,95,Y,359,115,0,0,1,2,2,0,0,306096,7,489,3,19712,900,0,31,6,166949,2526.78,1,1,163070,1753,11,1,167058,898.18,12,1,0.003,0.0019,0.096,0.2787,1
141674,May,Product 1,Channel 3,NY,Bureau 2,0.5,800,15000,70000,334,4,10,46051.2,0,0,0.02482,Y,172,0,0,0.42352,0,24,85,N,232,13235,2,6,3,11,9,8,5,341755,14,485,7,16677,2504.03,0,11,2,164428,12635.71,11,0,163070,3654.59,11,1,167058,344.55,11,1,0.002,0.0001,0.118,0.3941,1
141665,May,Product 1,Channel 3,CT,Bureau 2,4.2,750,6000,75000,302,3,5,42180,0,0,0.04516,Y,184,1,0,0.3409,0,62,19,Y,272,10641,4,6,3,4,6,11,6,371695,4,469,3,5393,1617.9,0,25,8,164428,2928.36,1,0,163070,1502,11,1,167058,573.28,12,1,0.015,0.0004,0.092,0.3218,1
141669,May,Product 1,Channel 3,CT,No Bureau Hit,0.2,900,29400,70000,0,0,0,0,0,0,0.01916,Y,67,0,0,0.32558,0,65,19,N,0,9889,4,6,2,7,6,8,6,0,1,474,-1,19612.42,1105,0,9,0,164428,13883.53,5,0,163070,4800.94,11,1,167345,927.95,12,0,0.039,0.0115,0.604,0.3218,1
131245,Apr,Product 1,Channel 3,NY,Bureau 2,0.4,800,30000,70000,200,6,10,46666.66667,0,0,0.02746,Y,63,0,0,0.46666,0,62,18,Y,200,720,2,2,7,5,5,5,5,0,8,458,9,19352,3107,0,15,1,164649,8611.73,12,0,163070,5999.92,11,1,167380,3017.23,12,1,0,0,0.035,0.3941,1
115888,Feb,Product 7,Channel 3,CA,Bureau 1,4.4,800,10000,240000,69,3,4,79762.8,69,3,0.01942,Y,62,2,500,0.70285,0,68,18,N,69,261,6,2,112,84,108,2,3,0,6,493,3,11860,0,0,36,13,164435,4392.54,1,0,163070,2999.96,11,1,167574,2823.88,12,0,0.039,0.0002,0,0.1884,1
131251,Apr,Product 1,Channel 3,CT,Bureau 2,0.8,800,21000,65000,396,2,11,43333.33333,0,0,0.01565,Y,133,1,0,0.325,0,62,0,Y,396,9689,4,6,0,1,1,11,4,0,6,478,7,11860,1202.2,0,36,13,164435,4392.54,1,0,163070,2999.96,11,1,167574,2823.88,12,0,0.003,0,0,0.4551,1
131254,Apr,Product 1,Channel 3,CT,Bureau 2,0.3,800,8000,70000,320,8,14,48000,0,0,0.00876,Y,106,0,0,0.32727,0,52,95,Y,237,9908,-1,0,2,5,7,0,0,354082,4,464,10,10210,1531.5,0,17,5,164428,5330.11,2,0,163070,2999.96,11,1,167590,1160.93,12,0,0,0,0,0.3716,1
141661,May,Product 1,Channel 3,CT,No Bureau Hit,0.4,900,24000,70000,0,0,0,0,0,0,0.00907,Y,41,0,0,0.32727,0,65,15,Y,0,7841,4,6,5,16,18,10,5,0,5,476,-1,15895,0,0,28,10,164428,7939.43,2,0,163070,3749.95,11,1,167814,647.52,0,1,0.004,0.001,0.01,0.4551,1
100006,Jan,Product 1,Channel 1,NY,Bureau 1,4.2,700,2000,95000,57,4,4,60583.33333,13,2,0.04256,N,6,2,115,0.76,0,35,92,N,13,638,0,2,31,53,73,3,3,2425000,4,168,1,15895,0,0,28,10,164428,7939.43,2,0,163070,3749.95,11,1,167814,647.52,0,1,0.004,0.001,0.01,0.2275,1
114711,Feb,Product 1,Channel 1,GA,Bureau 1,5.4,700,2000,120000,110,4,4,101231.4347,12,1,0.01276,Y,0,0,818,0.8,0,96,29,N,12,2237,4,5,2,18,19,3,7,383776,33,224,1,16680.07,99,99,2,0,152370,15000,11,1,162810,840.07,12,1,0,0,0,0,0,0,0.063,0.2107,1
137684,Apr,Product 6,Channel 3,CA,Bureau 1,1.4,900,5000,85000,2,1,1,52164.85,2,1,0.03566,N,59,1,500,0.40227,0,68,16,Y,2,73,0,0,35,34,48,0,0,0,39,461,-1,1604.4,0,0,37,20,124596,1600,12,0,161908,4.4,12,1,100002,0,12,0,0,0,0.13,0.1576,1
131217,Mar,Product 1,Channel 2,NY,Bureau 1,2.2,700,2000,45000,63,1,1,28870.0055,0,0,0.01864,N,34,0,5,0.29543,0,76,26,N,-1,8,0,2,21,28,40,3,1,0,37,295,-1,7078,3980,0,212,5,132529,887.09,12,1,161677,608.72,12,0,109979,600,12,1,0.001,0,0.039,0.1662,1
142101,May,Product 1,Channel 3,VA,No Bureau Hit,1.6,750,5000,90000,17,1,1,65078.3,17,1,0.00124,N,1,0,174,0.465,0,96,29,N,17,23,2,5,4,7,10,5,3,294970,9,199,0,97636.5,51988,0,38,9,110422,45650,12,0,161424,17692.5,12,0,149540,6000,0,1,0.001,0,0.065,0.1762,1
139174,Apr,Product 1,Channel 4,NJ,Bureau 1,3.5,675,6000,75000,109,5,6,45781.5,109,2,0.00088,Y,0,0,818,0.38461,1,67,96,N,109,3303,2,6,3,3,4,6,3,620000,5,248,2,4909,50,0,2,0,127107,4858.96,12,0,159618,50,12,1,0,0,0,0,0.003,0,0,0.2035,1
149174,May,Product 11,Channel 4,TX,Bureau 1,1.7,725,15000,100000,32,1,1,74010,0,0,0.05004,Y,2,5,273,0.66666,0,68,18,N,-1,103,6,2,86,0,0,6,2,0,0,328,-1,12126,7422,0,444,237,124596,3329,12,0,159596,2585.22,12,1,142161,317.56,12,0,0.383,0.0313,0.06,0.172,1
146765,May,Product 6,Channel 1,CA,Bureau 1,1.6,700,15000,120000,219,11,12,59900.05833,29,2,0.02386,Y,174,0,9,0.41833,0,72,85,N,29,855,2,4,11,14,19,4,3,1315000,14,456,3,3987,1950,0,49,1,113604,1237,11,1,159228,333.93,2,1,151928,259.64,12,0,0,0,0,0.1971,1
148943,May,Product 1,Channel 1,TX,No Bureau Hit,6.2,900,1000,20000,65,0,1,12925,65,1,0.00963,Y,1,1,12,0.15333,2,98,76,N,65,1995,6,4,6,19,23,5,3,331400,22,169,0,9698,8997,615,253,237,124596,290,12,0,158400,64.33,0,1,131588,61.57,12,0,0.042,0,0,0.172,1
140386,Apr,Product 6,Channel 2,CA,Bureau 1,2.9,900,5000,75000,4,1,1,45975.8,4,1,0.03938,N,86,1,500,0.44571,0,24,45,N,4,112,0,1,3,7,7,2,0,650000,8,491,0,7716,4200,0,142,9,166089,2015.75,12,0,158252,678.68,5,1,131618,641.26,12,0,0.001,0.0001,0.012,0.3716,1
139793,Apr,Product 1,Channel 3,FL,Bureau 1,1.3,750,6000,75000,17,2,2,54806.03333,0,0,0.06853,N,0,0,110,0.55,0,99,99,N,-1,290,0,1,46,32,38,3,3,348354,42,328,-1,7490,0,3500,10,5,160617,3500,11,1,158247,270,4,1,0,0,0,0,0.999,0.4971,0.04,0.1592,1
100005,Jan,Product 6,Channel 1,NC,Bureau 2,2.3,900,2000,55000,103,2,3,37333.33333,0,0,0.09235,Y,39,0,54,0.41481,0,27,0,Y,91,3101,0,6,104,0,0,9,3,0,10,312,0,12654,4263,0,2,0,159329,3127.44,0,1,157706,3099.57,12,1,0,0,0,0,0,0,0.101,0.2035,1
129672,Mar,Product 6,Channel 1,CA,Bureau 1,5.3,900,5000,100000,127,1,2,64252.585,0,0,0.08342,N,13,0,500,0.40561,1,24,14,N,-1,5074,0,5,121,0,0,3,3,0,0,381,-1,7868,3018,34,345,231,125706,3843.39,12,0,157426,341.18,0,1,101474,164.62,12,0,0,0.0002,0.109,0.2493,1
100008,Jan,Product 8,Channel 2,NC,Bureau 2,7.2,900,3100,55000,103,2,3,43933.33333,0,0,0.07893,Y,38,1,53,0.41481,2,45,0,Y,91,3115,0,6,104,0,0,9,3,0,10,361,0,1495,786,1354,222,136,115459,654.08,12,0,157333,514.07,12,0,166802,113.72,0,1,0,0,0,0.2035,1
161181,Jun,Product 1,Channel 3,NC,Bureau 2,0.3,775,25000,140000,119,6,11,90215.22225,0,0,0.00981,Y,39,1,12,0.80809,0,99,99,N,117,3638,6,6,5,4,7,10,3,129290,5,287,9,2549,645,2079,34,24,156589,99.69,12,0,156781,88.3,12,0,110104,18.07,12,0,0,0,0.051,0.1609,1
114548,Feb,Product 7,Channel 4,NY,Bureau 2,5.4,900,10000,120000,0,0,0,72403.56667,0,0,0.02827,N,1,1,807,0.49999,0,62,15,N,0,1,0,0,73,217,250,2,-1,0,-1,460,-1,8284,8468,0,157,40,156589,4485.53,12,0,156781,1983.38,12,0,111940,1600,1,1,0.052,0.0046,0.145,0.2627,1
135929,Apr,Product 7,Channel 3,NV,Bureau 1,7.4,725,1000,95000,221,1,5,67849.6,221,5,0.02101,Y,608,2,276,0.48,0,92,84,Y,221,7593,2,6,112,75,109,5,3,240000,139,484,2,24014,747,29600,23,4,115336,13850,0,1,156661,9577.35,12,0,118222,120.45,12,0,0,0,0.032,0.2432,1
100020,Jan,Product 1,Channel 4,PA,Bureau 1,2.3,750,4100,25000,157,3,4,4013.666667,157,3,0.00053,Y,1,0,11,0.11627,1,99,98,N,157,7315,6,6,5,6,8,6,5,368052,8,182,3,2171,40,2116,56,26,124596,1000,12,0,156589,435.41,12,0,117581,370.05,12,1,0.002,0,0.053,0.1971,1
140803,Apr,Product 11,Channel 2,VA,Bureau 1,6.7,700,1000,40000,29,2,2,27979,29,2,0.00441,Y,0,1,12,0.25806,0,96,29,N,29,193,7,1,4,8,11,3,5,404272,15,172,1,10860,16,10409,8,2,132529,175,12,1,156589,70.52,12,0,151650,43.09,12,0,0,0.0002,0.047,0.1884,1
140991,Apr,Product 1,Channel 4,TX,Bureau 1,1.7,775,6000,45000,88,1,1,34239,88,1,0.00796,Y,4,0,83,0.32277,0,99,99,N,88,5027,6,6,10,17,19,6,3,174981,17,197,0,10860,16,10409,8,2,132529,175,12,1,156589,70.52,12,0,151650,43.09,12,0,0,0,0,0.1662,1
130231,Mar,Product 1,Channel 3,FL,No Bureau Hit,0,800,14800,90000,0,0,0,60285.29483,0,0,0.00162,NA,2,0,0,0.45,0,98,86,NA,0,-1,-1,-1,-1,-1,-1,-1,-1,0,-1,476,-1,226648,112488,0,621,24,163070,3241.64,11,1,156589,2765.5,12,0,154115,1815.64,12,1,0.086,0.0645,0.102,0.1439,1
157654,Jun,Product 6,Channel 1,NY,Bureau 1,3.9,775,10000,80000,198,4,8,34711,37,3,0.00669,Y,2,0,12,0.55172,1,84,78,Y,37,10074,4,6,1,3,4,16,7,1224,3,228,6,340,2664,0,6,0,154707,87.69,12,0,156589,64.93,12,0,164201,12.3,12,0,0,0,0.057,0.2787,1
143443,May,Product 6,Channel 2,GA,Bureau 2,1.1,900,2000,200000,0,0,0,136007.25,0,0,0.02454,N,12,1,930,0.82,0,98,83,N,0,51,0,4,34,255,255,3,0,0,255,431,-1,6134,84,5808,59,14,159596,2502.2,12,1,156208,1650,0,1,147477,504.95,12,0,0.029,0.0017,0.012,0.1858,1
141343,Apr,Product 6,Channel 2,CA,Bureau 1,1.3,900,5000,80000,2,1,1,49866.06,2,1,0.03714,N,62,1,481,0.423,0,24,0,N,2,20,0,0,87,137,176,0,0,0,249,475,-1,10924,10289,18246,15,0,100805,3051.78,12,0,156048,179.97,12,1,151410,119.8,12,0,0.011,0,0,0.2035,1
158418,Jun,Product 1,Channel 3,FL,Bureau 1,0,900,5000,130000,0,0,0,98727.1,0,0,0.0032,N,0,0,86,0.48421,0,35,18,Y,0,0,0,0,102,137,200,0,0,0,255,408,-1,318939,141772,0,282,0,163070,11805,11,1,155767,4325.48,11,0,166063,2445.84,12,0,0.263,0.1192,0.146,0.168,1
135480,Apr,Product 7,Channel 2,MA,Bureau 2,5.5,900,5000,55000,4,3,3,28914.5,0,0,0.0127,N,0,2,500,0.34375,0,68,18,N,4,113,0,2,29,29,40,0,-1,0,44,403,1,4452,1718,0,81,2,137252,2833.94,12,1,155762,280.86,12,0,124596,270,12,0,0.002,0,0.042,0.1104,1
125358,Mar,Product 6,Channel 1,CA,Bureau 1,2.7,900,1000,100000,131,0,2,55407.66667,0,0,0.03594,Y,26,0,50,0.47619,0,69,98,N,-1,6352,4,6,7,10,10,11,0,745000,15,227,-1,2169.98,387,0,10,0,164216,610.89,12,0,153274,602.05,12,0,156781,415.04,12,0,0.036,0.0515,0.028,0.149,1
158374,Jun,Product 1,Channel 4,PA,Bureau 1,0.5,750,31300,140000,79,6,6,111220.1083,5,1,0.00456,N,1,6,107,1.495,0,70,19,N,5,11,2,1,3,6,6,3,2,280000,9,415,0,4673,1725,3161,66,9,168467,1060,12,1,152050,450.08,12,1,110036,421.49,12,0,0.015,0.0002,0.075,0.149,1
145695,May,Product 11,Channel 2,TX,Bureau 1,4.1,675,2000,80000,6,3,3,63136.6236,6,3,0.04232,N,74,2,451,0.40018,0,68,19,N,6,178,6,1,6,15,19,4,3,330109,15,426,2,527,0,0,15,12,151277,492.74,12,0,151899,32.36,12,0,149847,1.64,12,1,0.002,0,0.089,0.2035,1
136297,Apr,Product 6,Channel 1,MI,Bureau 2,5.4,675,2000,180000,215,9,29,106249.0833,0,0,0.00984,Y,1,4,12,0.925,0,98,39,N,66,830,0,0,0,22,27,0,0,450000,24,326,25,2383.61,340,56,8,2,151803,1600,12,0,151786,391.61,12,0,0,0,0,0,0.005,0,0.103,0.2493,1
160893,Jun,Product 1,Channel 3,NV,Bureau 1,2.3,775,15000,420000,239,8,9,235202.6432,22,6,0.001,Y,0,0,12,2.22577,0,69,29,N,22,856,2,3,4,5,7,6,3,815436,5,299,5,181,0,0,2,1,151421,180.95,12,0,151748,0,12,0,0,0,0,0,0,0,0.05,0.2878,1
120806,Feb,Product 1,Channel 4,MI,Bureau 2,9,900,2000,80000,0,0,0,59549.33333,0,0,0.03572,Y,0,0,238,0.53333,0,68,18,N,0,218,3,2,128,232,255,0,-1,0,-1,456,-1,25916,26187,29507,21,11,101368,8230.76,12,0,151568,7223.12,12,0,137788,5855.23,9,0,0,0,0.054,0.1372,1
100419,Jan,Product 1,Channel 3,CA,Bureau 1,3,700,15000,110000,252,2,3,76666.66667,252,2,0.03657,N,36,1,75,0.63888,1,50,95,N,252,7515,4,6,5,28,31,11,6,880000,12,163,0,40566,36398,5900,39,14,124980,6000,12,0,151557,5262.73,12,0,159210,4911,2,1,0.002,0.0004,0.035,0.3941,1
131225,Mar,Product 6,Channel 3,CA,Bureau 2,3.9,900,1000,260000,0,0,0,116536.5,0,0,0.04705,N,14,0,99,1.28571,0,72,29,Y,0,3375,0,4,6,16,19,0,0,590000,16,347,-1,1725,538,0,12,6,111253,139.87,12,1,151484,22.39,12,0,101441,11.98,12,0,0.006,0,0.031,0.2035,1
160485,Jun,Product 1,Channel 2,NY,Bureau 1,1.9,725,12000,95000,150,3,7,42198,112,3,0.05494,Y,2,1,80,0.63333,0,50,0,N,112,356,0,3,15,23,34,5,3,875000,32,281,2,1725,538,0,12,6,111253,139.87,12,1,151484,22.39,12,0,101441,11.98,12,0,0.999,0.029,0.036,0.1884,1
107104,Jan,Product 1,Channel 1,TX,Bureau 1,9.9,900,2000,50000,0,0,0,33333.33333,0,0,0.09717,N,1,1,144,0.46296,1,68,0,N,0,0,0,0,122,102,142,3,0,0,0,380,-1,5390,6666,0,66,2,163744,2538,12,0,150251,350,24,1,0,0,0,0,0.029,0.0001,0.05,0.1609,1
120521,Feb,Product 1,Channel 3,FL,No Bureau Hit,3.7,750,9000,60000,222,3,3,38333,0,0,0.00418,Y,3,1,65,0.3,1,96,0,N,-1,2370,6,4,118,232,255,6,2,0,3,262,-1,10351,10523,0,207,137,128253,1087.72,12,0,150189,547.5,1,1,116339,468.98,12,0,0.008,0,0,0.2145,1
120030,Feb,Product 1,Channel 2,VA,Bureau 1,4,900,1000,50000,1,1,1,35245,1,1,0.02385,N,1,0,500,0.22287,0,67,18,N,1,23,0,0,98,0,0,0,-1,0,-1,407,-1,3501,3501,0,8,3,159293,925.4,0,1,150061,800,9,1,151296,24.99,12,1,0,0,0.048,0.1858,1
124686,Mar,Product 1,Channel 2,MA,Bureau 1,2.9,700,1000,40000,49,1,1,27896.66667,0,0,0.01278,Y,7,0,268,0.21,1,60,95,N,-1,1533,6,4,5,8,9,6,0,587682,9,214,-1,3501,3501,0,8,3,159293,925.4,0,1,150061,800,9,1,151296,24.99,12,1,0.001,0.0001,0.016,0.1314,1
136851,Apr,Product 6,Channel 1,CA,Bureau 2,2.4,750,6000,95000,14,2,2,52641.68333,0,0,0.05683,N,158,0,500,0.394,0,24,15,N,5,2,2,1,5,5,7,3,2,649000,5,450,0,33045,36112,0,179,13,149047,4000,12,1,149240,3007.6,11,1,149073,2000,12,1,0,0,0.015,0.1858,1
119535,Feb,Product 7,Channel 3,NY,Bureau 1,4.7,900,5000,65000,5,2,3,50384.03333,5,3,0.01443,N,19,3,709,0.685,1,65,0,N,5,426,0,1,0,0,0,3,3,0,3,444,1,60030.8,338,15936,44,7,110422,31600,12,0,149191,10600,6,1,139349,1673.8,12,0,0,0,0.151,0.1609,1
144737,May,Product 6,Channel 1,CA,Bureau 1,0,900,5000,180000,0,0,0,104488.2,0,0,0.04278,N,56,0,907,0.87378,0,27,19,Y,0,0,0,0,3,16,19,0,-1,905000,22,466,-1,6029,1187,4740,16,6,161244,4740,12,0,148964,232.67,5,1,124780,128.74,12,1,0.093,0.0026,0.102,0.1332,1
126113,Mar,Product 1,Channel 3,NY,Bureau 1,2.7,750,8300,55000,64,3,3,32935.83333,0,0,0.00239,Y,0,0,11,0.22,1,65,39,N,-1,3951,2,6,10,4,5,5,6,0,5,244,-1,13018,761,0,68,10,113125,7000,12,1,148373,5000,4,1,156781,559.78,12,0,0.214,0.0019,0.611,0.149,1
148704,May,Product 1,Channel 2,IL,Bureau 1,2.6,900,5000,55000,3,1,1,42779.2794,3,1,0.01019,N,4,1,162,0.49692,0,67,18,N,3,101,0,1,33,43,62,2,2,270000,61,392,0,13587,13500,100,70,6,166931,4952.8,12,0,148148,1633.42,12,0,163582,1123,12,1,0,0,0.058,0.1858,1
106508,Jan,Product 1,Channel 3,TX,Bureau 1,3.5,725,2000,65000,40,6,8,17273.33333,40,8,0.00077,Y,3,2,500,0.42009,0,35,0,N,40,160,6,1,140,255,255,3,3,0,5,455,7,300287,108554,0,141,6,163070,18082.16,11,1,147644,6741.99,10,1,101491,2599.3,12,1,0.04,0.021,0.016,0.2035,1
154669,Jun,Product 1,Channel 1,VA,No Bureau Hit,7.7,700,1000,140000,16,3,3,111734.0433,16,3,0.01944,N,0,2,186,1.51911,0,70,18,N,16,107,0,1,33,35,42,2,2,0,71,349,2,2890.99,601,0,73,13,166880,1000,12,0,147483,818.75,12,0,118632,552.24,12,0,0.006,0.0002,0.034,0.1314,1
150815,May,Product 6,Channel 2,CA,Bureau 1,2.4,900,3900,35000,1,1,1,22631.53067,1,1,0.0252,N,3,1,500,0.16149,1,67,45,N,1,27,0,4,73,255,255,2,3,0,255,458,-1,1597,514,0,19,2,139707,1064.98,11,0,147275,269.95,12,0,156589,78.32,12,0,0.001,0,0.105,0.149,1
110714,Feb,Product 11,Channel 2,CA,Bureau 1,2.5,725,2000,15000,42,1,2,5199.466667,7,1,0.0341,N,1,0,198,0.09,1,68,18,N,7,166,0,1,113,0,0,3,3,650000,5,457,0,3451,3396,0,31,4,142308,324.06,12,1,147087,245,12,0,107402,200,12,0,0.011,0.0018,0.052,0.1246,1
110429,Feb,Product 1,Channel 3,NJ,Bureau 1,0,900,1000,50000,0,0,0,18980,0,0,0.02393,N,0,0,500,0.33333,0,68,19,Y,0,0,0,0,9,40,60,0,-1,375000,-1,330,-1,53429,45029,17524,139,41,149466,4743.56,3,1,146405,1458.93,12,0,160871,1018.03,12,0,0.023,0.0045,0.143,0.1609,1
137024,Apr,Product 6,Channel 2,CA,Bureau 1,1.7,900,5000,110000,2,1,1,70363.40333,2,1,0.02245,Y,7,1,500,0.33885,0,68,81,N,2,45,0,0,127,156,229,10,0,682266,255,416,-1,53429,45029,17524,139,41,149466,4743.56,3,1,146405,1458.93,12,0,160871,1018.03,12,0,0.009,0.0006,0.054,0.3218,1
148895,May,Product 1,Channel 3,NY,No Bureau Hit,0,800,10000,200000,0,0,0,-66809.11533,0,0,0.00391,NA,1,0,0,0.90909,0,98,96,NA,0,-1,-1,-1,-1,-1,-1,-1,-1,0,-1,412,-1,260344,92829,0,390,9,163070,15199.8,11,1,145668,3000,12,0,128948,1530.47,12,0,0.999,0.0695,0.049,0.1884,1
131212,Mar,Product 1,Channel 2,IL,Bureau 1,0.1,800,27000,440000,424,5,5,217556.5,118,3,0.00174,Y,64,0,902,1.78,0,96,0,N,118,305,2,3,22,1,3,4,3,692254,2,431,2,152911.47,0,97,320,109,144486,136522.74,12,0,144188,12051.71,12,0,130938,336.02,11,0,0.999,0.4649,0.032,0.2107,1
142634,May,Product 6,Channel 1,CA,Bureau 1,2.5,900,5000,85000,1,1,1,50337.60667,1,1,0.0759,N,5,1,500,0.427,0,68,18,N,1,39,0,0,87,137,176,0,0,0,250,468,-1,16840,15739,11000,118,21,100386,2198.66,12,0,143803,1234.59,12,1,131480,1136,12,0,0.003,0,0,0.1884,1
135783,Apr,Product 6,Channel 4,CA,Bureau 2,1.5,900,5000,90000,3,1,1,55701.45,0,0,0.03285,N,43,0,709,0.55588,0,24,18,Y,3,64,0,0,115,118,166,0,0,0,252,476,0,11998,10501,49315,642,375,129857,1645,12,1,142941,1000,0,1,138822,701,0,1,0,0,0.043,0.0929,1
124049,Mar,Product 1,Channel 1,IL,Bureau 1,2.3,700,12900,120000,17,2,3,87596,11,1,0.03668,N,2,0,221,0.75,1,62,85,N,11,518,0,2,3,12,12,3,3,360000,3,388,0,2746,250,0,11,1,142924,1660.99,1,1,142930,750,0,1,118328,148.98,12,0,0.023,0,0,0.2275,1
141719,May,Product 6,Channel 1,CA,Bureau 1,1.5,900,5000,85000,4,1,1,50514.43667,4,1,0.01562,N,45,1,500,0.38954,0,24,48,N,4,83,0,1,1,4,4,3,3,0,5,478,0,3882.79,635,2000,8,3,159976,1288.75,11,1,142028,622.04,12,0,141878,31,12,0,0.045,0,0,0.1858,1
159184,Jun,Product 1,Channel 3,MD,No Bureau Hit,0,800,25700,170000,0,0,0,48089.65295,0,0,0.00049,NA,2,0,0,1.05287,0,98,78,NA,0,-1,-1,-1,-1,-1,-1,-1,-1,0,-1,461,-1,282252,70644,0,323,3,163070,10061.03,11,1,141970,7159.74,11,0,103789,6867.15,11,1,0.001,0.0089,0.114,0.1762,1
117021,Feb,Product 11,Channel 3,CT,Bureau 1,3.9,650,15000,180000,44,2,3,120994,0,0,0.02166,Y,1,2,906,0.225,0,69,96,N,-1,6108,2,6,12,11,22,6,3,2066620,1,274,0,6218.84,0,4105,58,23,129230,1533.9,12,1,141464,1482.94,12,0,135036,1075,12,1,0.122,0.0058,0.033,0.1592,1
117958,Feb,Product 1,Channel 3,TX,No Bureau Hit,0,775,45000,1000000,0,0,0,1460584.713,0,0,0.00296,Y,18,0,0,7,0,65,89,NA,0,-1,7,6,8,4,7,9,6,0,17,408,-1,197799,48240,0,491,22,163070,4431,11,1,141260,4327.04,12,0,141106,2708.95,12,0,0.112,0.0114,0.149,0.1517,1
159395,Jun,Product 1,Channel 3,GA,Bureau 1,4.6,675,1000,40000,7,2,2,28513.33333,7,2,0.04856,N,1,7,904,0.2,0,50,84,N,7,20,2,1,25,0,0,2,2,0,0,486,1,423209,196048,0,419,7,163070,4405,11,1,141107,4212,12,0,141033,3622.2,12,0,0.999,0.743,0.051,0.1609,1
139511,Apr,Product 12,Channel 2,IL,No Bureau Hit,20.9,550,1600,20000,290,0,5,13086.575,290,5,0.03385,Y,17,1,0,0.13769,0,96,28,Y,290,166,4,6,120,0,0,10,7,0,0,357,4,29752,22840,68419,83,7,102795,1952.93,12,0,140112,760.82,12,0,152051,600,12,1,0,0,0,0.1762,1
102003,Jan,Product 6,Channel 2,FL,Bureau 2,6.5,900,5000,100000,0,0,0,66666.66667,0,0,0.03403,Y,9,1,5,0.42826,1,70,28,Y,0,912,7,1,107,97,127,4,0,0,5,377,-1,2092.57,981,0,55,18,101441,810.57,12,0,140009,210,12,0,148410,90,12,1,0.023,0.0003,0.04,0.2035,1
126571,Mar,Product 1,Channel 3,MO,No Bureau Hit,0,775,15000,150000,0,0,0,45032.62,0,0,0.0027,Y,3,0,0,0.5,0,98,19,NA,0,-1,7,6,6,6,9,11,4,0,8,435,-1,25430,1929,0,14,2,163070,753.97,11,1,139968,300,12,0,166118,400,24,0,0,0,0.052,0.1393,1
140780,Apr,Product 1,Channel 3,SC,Bureau 1,0.1,800,25000,90000,284,2,18,94328.33333,227,12,0.00053,Y,6,0,123,0.54545,0,98,28,N,227,249,2,1,8,4,4,4,5,0,4,450,15,67312.01,2567,0,2,0,163070,30170.9,11,1,139625,3485.11,12,0,0,0,0,0,0.001,0,0.012,0.2145,1
144352,May,Product 6,Channel 3,MI,No Bureau Hit,1.4,725,8000,750000,143,6,6,439021.3333,0,0,0.00304,Y,39,0,500,4.41176,0,68,85,N,-1,366,6,3,4,14,18,5,3,237788,15,251,-1,1151,1151,0,17,2,156732,432.83,12,0,138952,350.92,12,1,113524,330.26,12,1,0.067,0.0005,0.039,0.1858,1
160066,Jun,Product 1,Channel 3,TX,Bureau 1,0,900,1000,20000,0,0,0,-1294.333333,0,0,0.00468,N,0,0,503,0.12903,0,68,73,Y,0,0,0,0,9,175,212,0,-1,0,255,358,-1,4000,0,12876,111,46,115459,1188.9,12,0,138952,837.82,12,1,163744,642.1,12,0,0.003,0,0,0.1262,1
118441,Feb,Product 1,Channel 3,NY,Bureau 1,8,725,1000,50000,158,4,4,13226.66667,74,1,0.05585,Y,4,4,9,0.3125,0,72,29,N,74,773,0,2,2,10,10,5,3,558203,3,388,1,14,27,0,3,2,154433,13.92,12,0,138844,0,12,0,0,0,0,0,0.001,0.0002,0.022,0.2493,1
111518,Feb,Product 1,Channel 3,CA,Bureau 1,6.2,900,2000,150000,5,1,1,89353.33333,5,1,0.0225,N,3,3,50,1,1,68,29,N,5,172,0,0,0,0,0,3,0,1220000,0,188,0,9403,8084,0,14,5,159616,4033.98,0,1,138672,639.36,12,0,100002,203.5,12,0,0,0,0.026,0.1372,1
139257,Apr,Product 7,Channel 3,LA,Bureau 1,3.1,725,1000,35000,144,5,5,26152.73633,23,4,0.01063,Y,4,2,12,0.20339,0,78,29,N,23,854,4,3,10,18,30,2,6,303878,19,206,3,9403,8084,0,14,5,159616,4033.98,0,1,138672,639.36,12,0,100002,203.5,12,0,0.055,0.0004,0.026,0.149,1
138531,Apr,Product 1,Channel 3,MN,Bureau 1,15.5,900,5000,120000,0,0,0,87774,0,0,0.03673,N,1,4,50,0.46153,0,24,0,N,0,14,0,0,96,0,0,0,0,0,0,470,-1,200728,88145,0,75,3,163070,9844.42,11,1,138406,5404.36,12,0,130338,4458.75,12,0,0.099,0.0282,0.021,0.1592,1
109784,Jan,Product 1,Channel 4,FL,No Bureau Hit,6,650,5000,60000,10,2,2,43536.4,10,2,0.02005,N,4,2,93,0.25223,0,65,86,N,10,317,6,1,14,28,40,4,3,253757,3,348,1,826.61,0,0,289,254,151296,315.39,6,1,137850,297.82,12,1,110104,213.4,12,0,0.022,0,0,0.1439,1
114479,Feb,Product 4,Channel 2,NJ,Bureau 2,4.6,725,5000,45000,7,1,1,30136.66667,0,0,0.02184,N,5,0,245,0.34615,0,68,19,N,7,7,0,0,15,67,90,4,-1,810000,-1,395,0,12067,4060,0,56,4,158884,3399,0,1,137788,3193.5,5,0,151305,1285.3,12,0,0.231,0.0017,0.015,0.0868,1
100014,Jan,Product 6,Channel 2,CA,Bureau 1,0.1,800,25000,240000,227,1,1,202560.6667,227,1,0.02945,N,33,0,59,1.899,0,62,27,Y,227,2140,2,6,57,0,0,2,2,0,20,91,0,12067,4060,0,56,4,158884,3399,0,1,137788,3193.5,5,0,151305,1285.3,12,0,0.003,0.0004,0.087,0.1858,1
129364,Mar,Product 1,Channel 3,NJ,Bureau 1,1.3,725,2000,25000,41,1,1,13150,0,0,0.02692,N,26,0,907,0.125,0,65,19,N,-1,347,0,1,5,52,56,3,3,318760,58,277,-1,17952,6548,0,296,126,148259,1099.47,12,0,136409,875,12,0,166695,760.87,12,0,0.012,0.0008,0.047,0.1662,1
128140,Mar,Product 1,Channel 3,GA,No Bureau Hit,0,800,10000,75000,0,0,0,44699.71067,0,0,0.00219,NA,1,0,0,0.57692,0,99,99,NA,0,-1,-1,-1,-1,-1,-1,-1,-1,0,-1,449,-1,713229,301264,0,578,16,163070,27240.52,11,1,135927,9040,12,0,156589,7652.44,12,0,0.083,0.0248,0.064,0.2229,1
135782,Apr,Product 6,Channel 1,CA,Bureau 1,2,900,5000,90000,3,1,1,55170.96,3,1,0.03078,N,311,1,709,0.312,0,24,15,Y,3,63,0,0,122,130,174,0,0,0,255,480,0,27033,9983,0,26,10,135528,8400,6,1,135570,5000,2,1,135550,4200,0,1,0.125,0,0,0.1332,1
128954,Mar,Product 1,Channel 4,CA,Bureau 1,2.6,750,1000,150000,544,3,9,86240.2112,544,9,0.05143,N,980,3,907,0.60153,0,84,98,N,544,11705,2,6,38,50,61,6,5,0,128,463,6,6348,0,0,2,0,158791,3153.33,12,1,134696,150,12,0,0,0,0,0,0.002,0,0,0.2035,1
139135,Apr,Product 6,Channel 2,CA,Bureau 1,2.2,900,5000,80000,3,1,1,48510.36333,3,1,0.03538,N,51,1,500,0.36905,0,68,16,Y,3,68,0,2,47,58,91,0,2,0,97,475,0,6348,0,0,2,0,158791,3153.33,12,1,134696,150,12,0,0,0,0,0,0.005,0.0003,0.096,0.1517,1
160753,Jun,Product 6,Channel 4,CA,Bureau 1,3.8,725,2000,190000,7,1,1,107890.25,7,1,0.04745,N,12,0,241,0.86666,0,24,43,N,7,226,0,2,68,55,70,0,2,0,91,445,0,3308,3424,0,48,4,137384,1456,3,1,134606,900,12,0,136290,750,12,0,0.002,0.0001,0.445,0.2035,1
155108,Jun,Product 7,Channel 1,CA,Bureau 1,2.9,900,5000,100000,2,1,1,61701.46667,2,1,0.01584,N,158,1,790,0.416,0,24,0,N,2,51,0,0,112,0,0,0,0,0,0,468,-1,15913,3637,11600,22,11,142692,3994.97,12,0,133353,3961.64,12,0,110104,20.29,12,0,0.106,0.0014,0.062,0.1439,1
100001,Jan,Product 8,Channel 1,CA,Bureau 1,1,725,8500,30000,25,1,1,22666.66667,0,0,0.03231,N,1,0,907,0.13821,0,62,93,N,-1,737,0,3,6,21,159,0,-1,0,-1,426,-1,15913,3637,11600,22,11,142692,3994.97,12,0,133353,3961.64,12,0,110104,20.29,12,0,0.105,0.0055,0.027,0.2787,1
152762,Jun,Product 6,Channel 3,PA,Bureau 1,3.8,900,2000,1000000,0,0,0,7472083.333,0,0,0.07576,N,38,0,806,68.18181,1,72,29,Y,0,0,0,2,23,1,1,3,0,0,1,382,-1,7218,6632,0,3,0,160977,793.7,12,0,132961,176.12,12,0,161501,81.45,12,0,0.001,0.0002,0.034,0.1858,1
138104,Apr,Product 6,Channel 2,VA,Bureau 2,2.2,900,2000,35000,0,0,0,23288.33333,0,0,0.0034,N,3,1,94,0.20958,3,68,95,N,0,219,2,1,4,18,22,3,2,740523,21,149,-1,40286,36847,0,158,36,116339,3199,12,0,132781,2058.3,4,1,143692,1546.5,9,1,0.001,0.0002,0.031,0.2275,1
136494,Apr,Product 6,Channel 3,KS,Bureau 1,1.7,675,10000,95000,123,3,6,49039.46667,123,3,0.00058,Y,0,2,87,0.7,0,78,78,N,123,3289,2,6,4,9,12,6,3,49000,10,109,5,1470,460,1080,69,30,101441,281.53,12,0,132615,65.45,9,1,107323,54.85,12,1,0.025,0.0019,0.01,0.2275,1
100210,Jan,Product 1,Channel 3,FL,Bureau 1,1.3,725,2000,15000,7,3,3,-4999.666667,7,3,0.00295,N,1,0,5,0.14166,0,99,99,N,7,202,6,1,129,0,0,6,3,0,1,211,2,5519,4571,514,116,30,163745,1569.34,12,0,132529,525,12,1,152051,400,12,1,0.045,0.0022,0.221,0.1609,1
136921,Apr,Product 4,Channel 3,IL,Bureau 1,1.7,725,6000,75000,217,2,10,48024.36,217,9,0.00265,Y,6,0,12,0.41368,0,99,98,N,217,2160,4,5,103,0,0,5,7,201000,0,447,8,2564,1079,1536,32,5,131755,686.9,12,0,131793,624.13,12,0,115727,578.98,12,1,0.115,0.0059,0.158,0.2229,1
124282,Mar,Product 1,Channel 3,GA,No Bureau Hit,0,775,5000,60000,0,0,0,-47960.28267,0,0,0.00165,NA,1,0,0,0.25489,0,68,95,NA,0,-1,-1,-1,-1,-1,-1,-1,-1,0,-1,448,-1,25818.71,249,0,5,0,163070,12471.08,11,1,131188,539.46,12,1,130648,74.17,12,0,0,0.0001,0.163,0.2275,1
124820,Mar,Product 1,Channel 3,NJ,No Bureau Hit,0,750,5000,60000,0,0,0,47829.8032,0,0,0.00817,Y,197,0,500,0.40433,1,67,83,NA,0,-1,4,6,37,34,53,6,8,0,57,472,-1,198742,72522,0,537,14,163070,4704.46,11,1,129729,4501.1,12,1,109331,2317.65,6,1,0.094,0.0377,0.01,0.1592,1
151769,May,Product 1,Channel 3,KY,No Bureau Hit,0,800,20000,95000,0,0,0,52936.86667,0,0,0.00166,NA,1,0,0,0.2425,0,99,99,NA,0,-1,-1,-1,-1,-1,-1,-1,-1,0,-1,421,-1,206102,96367,0,396,10,163070,2793.8,11,1,128867,1714.5,12,0,156589,1518.43,12,0,0,0,0,0.1609,1
120804,Feb,Product 6,Channel 4,NY,Bureau 1,4,900,2000,85000,0,0,0,54977.33667,0,0,0.03405,N,22,0,709,0.14683,1,58,94,N,0,308,0,2,6,0,0,0,3,3599243,1,406,-1,9381.59,10597,1457,55,20,128810,3000,12,0,128609,2100,12,0,128999,1502.59,12,0,0.003,0.0007,0.083,0.2035,1
149026,May,Product 6,Channel 2,CA,Bureau 1,1.4,900,5000,40000,4,1,1,26446.66667,4,1,0.00779,N,76,1,500,0.25602,0,67,19,N,4,145,0,1,3,14,18,2,2,670000,18,484,0,293,322,0,43,1,162315,189.96,12,0,128335,48.72,12,0,127964,36.35,12,0,0.015,0.0001,0.447,0.3218,1
131213,Mar,Product 1,Channel 2,TX,Bureau 1,2,700,10000,90000,16,3,3,63420,16,2,0.00441,NA,2,1,0,0.77586,0,0,0,N,16,271,-1,-1,-1,-1,-1,-1,-1,0,-1,0,2,4774,8254,0,22,1,108055,2698.92,11,1,128256,813.67,12,0,147821,540.82,12,0,0.029,0.0007,0.064,0.1372,1
113568,Feb,Product 1,Channel 2,NJ,Bureau 2,8.2,900,2000,60000,0,0,0,52591.6248,0,0,0.0202,N,1,1,141,0.49859,0,33,19,N,0,183,0,2,17,24,43,0,-1,649000,-1,301,-1,6107.43,2496,0,34,12,110422,2441.63,12,0,128003,832.52,12,0,128329,137.28,12,0,0.095,0.0055,0.153,0.1383,1
162481,Jun,Product 6,Channel 4,PA,Bureau 1,5.8,675,3700,60000,259,3,10,43604,259,10,0.0213,Y,33,0,89,0.3,1,68,96,N,259,10064,4,6,3,6,7,9,5,0,8,136,9,49468.46,0,0,5,0,163070,14858.44,11,1,127107,9876.02,12,0,0,0,0,0,0.005,0.0002,0.123,0.172,1
152083,Jun,Product 6,Channel 3,KS,Bureau 1,3.5,700,7500,50000,278,2,8,33570,278,7,0.00214,Y,11,0,11,1,0,72,96,N,278,8955,4,6,1,14,16,8,5,0,21,261,7,81791,0,0,21,3,138844,57434.45,12,0,127101,19418.31,12,0,138842,4850,12,0,0.061,0.0018,0.024,0.2107,1
152178,Jun,Product 6,Channel 4,CA,Bureau 1,2,900,5000,90000,1,1,1,54817.3,1,1,0.03952,N,3,1,500,0.71538,0,24,0,N,1,42,0,0,58,51,68,0,0,0,91,429,-1,81791,0,0,21,3,138844,57434.45,12,0,127101,19418.31,12,0,138842,4850,12,0,0.061,0.0018,0.024,0.2787,1
131222,Mar,Product 6,Channel 2,CA,Bureau 1,4.5,900,5000,110000,1,1,1,70689.70917,1,1,0.0441,N,4,2,487,0.60915,0,67,18,N,1,49,0,0,38,32,48,0,0,0,75,475,-1,189,1025,26,3,2,161729,189,12,0,126585,0,24,1,0,0,0,0,0.435,0.0046,0,0.1662,1
110405,Feb,Product 1,Channel 2,NJ,Bureau 1,12.4,650,1000,60000,9,1,1,41495,9,1,0.01389,N,0,0,3,0.46153,0,68,0,Y,9,250,0,1,20,32,44,3,-1,0,-1,274,0,17313,1888,30934,115,49,124596,2000,12,0,125829,1845,11,1,164201,1830.8,12,0,0.063,0.0012,0.054,0.1662,1
150619,May,Product 1,Channel 3,TX,Bureau 1,4.3,900,2000,120000,4,1,1,95874,0,0,0.0797,N,12,0,500,0.48,1,68,85,N,-1,375,0,1,4,7,8,3,3,187487,7,455,-1,17313,1888,30934,115,49,124596,2000,12,0,125829,1845,11,1,164201,1830.8,12,0,0.002,0.0008,0.029,0.2035,1
156723,Jun,Product 1,Channel 2,IL,Bureau 1,1.8,700,2000,20000,15,2,2,6679.666667,15,2,0.00837,Y,1,0,709,0.10989,0,35,15,N,15,582,0,2,96,119,128,4,4,0,219,460,1,7753,6819,100,149,40,165722,360.45,11,1,125747,313.01,12,1,121671,225.97,12,0,0.017,0.0081,0.2,0.2035,1
141723,May,Product 6,Channel 2,CA,Bureau 1,1.5,900,5000,85000,2,1,1,50985.98333,2,1,0.01945,N,12,1,500,0.346,0,24,19,N,2,62,0,0,111,0,0,0,0,0,0,454,-1,19718,17454,4896,145,75,128992,6859.61,12,0,124596,4499,12,0,131582,2424.09,12,0,0.039,0.001,0.141,0.3218,1
131208,Mar,Product 1,Channel 1,TX,Bureau 1,6.2,900,2000,45000,2,1,1,41272.414,2,1,0.02144,Y,24,1,140,0.3193,0,50,19,N,2,49,6,1,8,31,36,5,2,192185,33,410,-1,4649,2853,2173,49,17,160207,1000,1,1,124596,960,12,0,141992,772.32,12,0,0.006,0,0.031,0.2275,1
100022,Jan,Product 1,Channel 3,IL,Bureau 1,5.6,900,1000,200000,142,0,1,136000,142,1,0.02012,Y,6,0,0,1.36,0,33,95,N,142,10355,4,6,13,22,23,11,5,240000,10,456,0,3377,2724,0,34,9,163446,1500,12,0,124596,1203,12,0,142900,175,2,0,0.001,0.0004,0.03,0.1517,1
118847,Feb,Product 6,Channel 3,FL,Bureau 1,4.9,675,1700,100000,9,1,1,72363.2,9,1,0.01674,N,9,0,500,0.41599,1,24,0,Y,9,153,6,1,39,40,56,3,3,0,6,446,0,5100,101,0,19,11,157333,3002.2,12,0,124596,1999,12,0,156605,12.2,12,0,0.177,0.0016,0.107,0.2878,1
145753,May,Product 6,Channel 4,CA,Bureau 1,2,900,5000,100000,1,1,1,61108.18333,1,1,0.05076,N,5,0,500,0.515,1,24,45,N,1,4,0,0,6,27,33,0,0,1325000,31,479,-1,14745,6723,1999,9,2,158378,4765.77,2,1,124596,3996,12,0,158339,0,3,1,0,0,0.059,0.1884,1
130833,Mar,Product 6,Channel 3,NY,Bureau 1,0.1,775,9500,45000,252,3,9,25998,252,8,0.00154,Y,2,0,709,0.17142,0,78,84,N,252,7638,2,6,101,255,255,6,3,0,255,454,7,2398.1,100,871,39,28,106721,514.8,12,1,124596,500,12,0,159616,309.3,12,1,0.999,0.0033,0.039,0.149,1
116181,Feb,Product 6,Channel 3,CA,No Bureau Hit,8.9,750,10000,75000,35,16,18,17644.6,23,13,0.03673,Y,6,1,500,0.312,0,60,19,N,23,1644,4,4,5,38,48,4,4,910000,15,391,13,4042,286,2730,34,18,111322,365.76,12,0,124246,114.41,12,0,118639,96,12,0,0.046,0,0,0.1503,1
158911,Jun,Product 1,Channel 3,MA,Bureau 1,4.9,900,1000,60000,3,1,1,41994,3,1,0.04072,Y,12,0,146,0.27272,0,68,18,Y,3,58,0,2,19,86,106,0,-1,0,119,476,0,4042,286,2730,34,18,111322,365.76,12,0,124246,114.41,12,0,118639,96,12,0,0.001,0,0,0.1884,1
100017,Jan,Product 6,Channel 2,CA,Bureau 1,1.8,750,6000,65000,43,7,7,43176.66667,20,5,0.03478,N,18,0,94,0.08995,0,62,12,N,20,474,0,2,98,171,202,3,3,0,4,420,3,4834,4854,0,29,11,117718,139.49,12,0,124246,68.74,12,0,131953,57.82,12,0,0.001,0,0.035,0.172,1
125708,Mar,Product 1,Channel 4,TX,Bureau 1,0.5,775,6000,95000,89,5,6,76856.82853,0,0,0.02905,N,7,0,500,0.63641,0,69,28,N,-1,2297,2,5,89,35,46,3,3,0,46,365,-1,1530,605,999,5,1,124596,570,12,0,124209,0,12,0,0,0,0,0,0,0,0.076,0.1576,1
100010,Jan,Product 6,Channel 2,FL,Bureau 2,2.5,750,1700,140000,43,2,2,23036.87333,0,0,0.04825,Y,1,2,171,0.45846,0,98,0,Y,36,2811,6,3,3,8,7,2,3,0,10,63,0,1750,1224,2640,65,9,148581,453.4,12,1,124209,382.87,12,0,136514,156.83,12,0,0,0,0.111,0.149,1
139411,Apr,Product 7,Channel 2,CA,Bureau 1,3.3,675,10000,80000,315,2,4,50782.0394,124,2,0.01336,Y,2,0,60,0.43077,1,27,25,N,124,1714,4,4,18,117,123,2,7,0,142,272,1,145225,153612,32299,745,16,160195,1675,12,1,123834,1664.72,12,1,163925,2600,22,0,0.088,0.1739,0.072,0.2787,1
147121,May,Product 1,Channel 1,CA,Bureau 2,8.2,900,1000,80000,0,0,0,47154.66667,0,0,0.01195,Y,3,1,53,0.4,2,69,88,N,0,5149,4,6,4,5,7,10,6,590000,6,127,-1,1201,1134,0,10,0,123510,175,12,0,123651,126.41,12,0,134272,108.2,12,0,0.036,0.0001,0,0.1592,1
152386,Jun,Product 6,Channel 2,NY,Bureau 1,3.2,750,10000,150000,97,2,2,96517.5,0,0,0.04565,N,184,0,907,0.85714,1,27,16,N,-1,131,6,1,91,78,115,3,3,0,127,397,-1,1201,1134,0,10,0,123510,175,12,0,123651,126.41,12,0,134272,108.2,12,0,0.108,0.0018,0.056,0.2627,1
138123,Apr,Product 1,Channel 4,PA,Bureau 1,3.1,725,5000,65000,58,5,5,41521.66667,58,3,0.01246,N,2,0,11,0.30952,1,67,19,N,58,872,0,3,10,21,21,3,3,62304,22,281,2,3478,308,0,59,3,107433,2345,12,1,123294,799.91,12,0,113427,300,12,0,0,0,0.016,0.2035,1
100002,Jan,Product 4,Channel 4,CA,Bureau 1,8.4,675,1000,20000,12,4,5,5000.333333,12,5,0.01226,N,0,2,5,0.115,0,96,0,N,12,362,0,1,15,53,66,3,3,0,3,187,4,2005,1309,0,35,0,124765,518.81,12,1,121941,349.79,11,0,103292,188.21,12,0,0.07,0.0026,0.2,0.172,1
100028,Jan,Product 6,Channel 4,TX,Bureau 1,7.5,700,3700,85000,141,3,7,57676.66667,121,5,0.0308,Y,16,4,5,0.35199,1,44,29,N,121,10454,7,6,9,17,20,12,6,230733,5,229,5,8331.05,3880,0,11,0,121594,3088.5,5,1,121549,600,11,1,128220,510.55,12,0,0,0,0.041,0.1762,1
138100,Apr,Product 6,Channel 4,CA,Bureau 1,0.8,900,5000,110000,2,1,1,70304.075,2,1,0.01533,N,4,1,500,0.33857,0,67,18,Y,2,70,0,0,146,0,0,0,0,0,0,459,-1,3979.91,40,0,8,4,159293,1975.25,12,1,120607,15.66,12,1,0,0,0,0,0.056,0,0,0.127,1
114052,Feb,Product 6,Channel 3,IN,Bureau 1,0.1,775,30000,100000,350,3,21,75230,350,19,0.00109,Y,1,0,806,0.66666,0,96,29,N,350,213,2,1,7,13,16,5,5,173250,5,266,19,2688,2038,2035,98,30,115459,1205.38,12,0,120471,630.18,12,0,156589,386.81,12,0,0.999,0,0,0.149,1
131218,Mar,Product 4,Channel 1,NJ,Bureau 2,9.9,900,1000,60000,0,0,0,41054,0,0,0.02614,N,1,1,500,0.46153,0,96,19,N,0,9,0,0,8,21,26,0,-1,931304,27,368,-1,6999.5,1500,0,32,10,101824,3264.09,12,0,120321,171.97,12,0,102167,64.44,12,0,0.018,0.0062,0.075,0.172,1
128900,Mar,Product 6,Channel 4,CA,Bureau 1,3.2,900,2000,90000,1,1,1,48550.16667,1,1,0.01627,N,4,1,500,0.40217,1,24,15,N,1,51,0,0,2,0,3,0,0,1550000,0,448,-1,1675,2973,4522,31,11,106267,352,12,0,119619,287,0,1,132437,191.15,12,0,0.004,0,0,0.2035,1
144614,May,Product 7,Channel 3,FL,Bureau 1,5.9,725,4000,85000,133,2,3,61211.93333,27,1,0.01563,Y,8,0,70,0.66153,0,65,29,N,27,4,6,6,40,91,100,7,3,603023,107,290,0,1909.47,0,0,6,3,154835,605.56,12,0,117718,349.91,12,0,0,0,0,0,0,0,0.023,0.2275,1
113055,Feb,Product 1,Channel 1,OH,Bureau 2,9.1,650,1000,30000,7,1,1,19536.66667,0,0,0.00611,N,0,0,293,0.24,0,24,0,N,7,167,6,1,66,77,107,5,-1,0,-1,486,0,3174,1176,0,3,0,102372,1904.2,9,1,117032,56.17,9,1,115799,40.38,12,0,0.001,0,0.023,0.1175,1
115203,Feb,Product 8,Channel 1,CA,Bureau 2,4.4,900,1700,300000,0,0,0,123540,0,0,0.02453,N,6,1,5,1.62162,0,68,18,N,0,14,0,0,21,255,255,0,-1,0,-1,399,-1,4531,300,0,17,0,114061,3392,8,1,116481,209.71,11,1,163813,400,24,0,0,0,0.044,0.1971,1
104859,Jan,Product 11,Channel 3,CA,Bureau 1,2.6,675,15000,85000,15,2,4,49691.66667,15,4,0.00575,N,1,4,98,0.33999,0,68,18,N,15,493,2,2,87,83,133,3,3,0,3,332,3,2430,0,5723,113,35,107145,973.91,0,1,115459,693.4,12,0,159616,391.92,12,1,0.004,0.0001,0.098,0.1762,1
145918,May,Product 6,Channel 1,CA,Bureau 1,2.8,900,5000,110000,3,1,1,65261.16667,3,1,0.03193,N,21,1,500,0.36666,0,24,45,N,3,72,0,0,7,31,35,0,0,1050000,36,468,0,2747,2072,0,23,0,100732,537.12,12,0,115431,357.11,12,0,110729,350,12,1,0.008,0,0,0.1517,1
146159,May,Product 4,Channel 2,WY,Bureau 2,17.5,900,5000,85000,0,0,0,74111.93333,0,0,0.07649,Y,79,2,5,0.36595,0,52,14,N,0,55,0,0,20,7,10,6,6,0,14,437,-1,9044,9150,10080,38,21,162455,931.95,12,1,115329,205.9,12,0,136569,126.24,12,1,0,0,0.013,0.149,1
114149,Feb,Product 4,Channel 3,OH,Bureau 2,9.7,900,2000,60000,0,0,0,44372,0,0,0.02196,Y,0,0,9,0.48,0,68,28,N,0,226,6,2,65,77,107,4,-1,0,-1,296,-1,5620,5857,600,77,14,100650,4006.85,11,1,115211,629.2,5,1,109832,231,10,1,0.006,0.0001,0.017,0.1404,1
122422,Mar,Product 11,Channel 1,MD,No Bureau Hit,2.3,750,4000,60000,9,0,1,40486.6478,9,1,0.01287,N,1,0,60,0.43623,0,65,19,N,9,728,0,2,7,16,19,3,3,209900,3,187,0,5993.92,351,0,83,50,163031,4209.97,12,1,113900,900,5,1,127692,405.95,12,0,0.005,0.0001,0.108,0.2493,1
136167,Apr,Product 6,Channel 4,MI,No Bureau Hit,0.1,800,31300,220000,80,2,2,161607.75,80,2,0.00015,Y,2,0,93,1.39728,1,67,85,N,80,4141,7,6,6,17,16,11,4,333680,17,401,1,19312.02,70,0,7,3,159222,19174.04,0,1,113716,51.75,12,1,137800,17.23,12,1,0.01,0.0017,0.007,0.2107,1
139531,Apr,Product 6,Channel 4,CA,Bureau 1,1.4,900,5000,75000,3,1,1,46565.23333,3,1,0.01342,N,1,2,500,0.316,0,68,19,N,3,104,0,1,4,29,37,2,2,650000,38,385,0,2610.37,695,395,19,5,109282,896.7,4,0,113536,311.57,12,1,106928,111.1,12,1,0,0,0.046,0.149,1
153451,Jun,Product 6,Channel 3,CA,Bureau 1,6.2,675,1000,45000,7,1,2,27315.83,7,2,0.02456,N,5,1,248,0.21173,0,67,19,N,7,210,0,1,3,4,4,3,3,2100000,4,451,0,8272,74960,0,36,3,108875,3357.9,12,1,113527,1150,11,1,138069,918.49,6,0,0.014,0.0003,0.314,0.1517,1
112266,Feb,Product 1,Channel 4,NY,Bureau 1,11.5,700,1000,85000,30,1,1,53666.86667,0,0,0.06271,Y,3,0,75,0.43,0,55,95,Y,-1,899,0,5,32,35,46,3,5,1200000,11,279,-1,8256,21857,0,54,3,100002,3029.5,12,0,113070,915.69,11,0,128021,866.33,12,0,0.099,0.001,0.024,0.2493,1
154119,Jun,Product 6,Channel 2,CA,Bureau 1,1.8,900,5000,100000,2,1,1,61108.18333,2,1,0.01386,N,39,0,500,0.412,1,67,0,N,2,26,0,2,112,0,0,0,0,0,0,445,-1,22876,4424,19967,4,0,157027,2785.19,12,0,112386,94.24,11,1,157025,6.57,12,0,0.093,0,0,0.1246,1
137069,Apr,Product 1,Channel 4,CA,Bureau 1,4.6,700,1000,70000,15,5,7,41887.2,15,7,0.0045,Y,0,1,5,0.41982,0,70,29,N,15,76,2,1,8,24,28,3,5,1150000,26,211,6,4166,0,4036,52,12,162009,881.21,12,1,110786,328.75,12,0,115459,321.92,12,0,0.002,0,0.046,0.1971,1
158117,Jun,Product 1,Channel 1,CA,No Bureau Hit,6.9,700,1000,100000,16,1,1,69971.83633,16,1,0.01222,N,1,0,231,0.60296,1,72,94,N,16,275,0,1,110,179,246,2,0,0,255,334,0,70425,73619,0,94,16,137252,34362.91,12,1,110454,377.04,12,0,123290,349.99,12,0,0.003,0.0001,0.048,0.1971,1
145095,May,Product 7,Channel 4,TX,Bureau 2,2.8,900,5000,120000,245,1,3,95874,0,0,0.00541,Y,1,0,12,0.56206,0,72,27,Y,-1,3376,6,1,4,0,0,2,3,0,0,132,1,4707.07,608,0,12,3,131582,2398.98,12,0,110422,1099,12,0,131939,601.09,12,1,0.002,0.0001,0.036,0.2275,1
129819,Mar,Product 1,Channel 3,FL,No Bureau Hit,0,800,5300,25000,0,0,0,28237.175,0,0,0.00131,Y,4,0,0,0.10321,0,98,19,NA,0,-1,7,5,12,13,13,9,6,0,15,435,-1,26672,898,0,185,2,163070,1006.76,11,1,109979,1000,12,1,115827,825.53,12,0,0.002,0.0003,0.148,0.1858,1
162482,Jun,Product 6,Channel 4,CA,Bureau 1,2.5,725,2000,90000,90,1,5,51483.03187,63,4,0.0263,N,1,1,906,0.56665,0,67,18,N,63,578,0,2,120,112,172,3,3,0,248,207,3,122672,144594,56533,565,28,141509,2949.84,12,0,109979,1800,12,1,156589,1106.17,12,0,0.033,0,0,0.1762,1
106902,Jan,Product 8,Channel 4,FL,Bureau 2,8.2,750,4400,200000,7,1,1,130456.2,0,0,0.05512,Y,2,1,11,0.5,0,67,15,Y,7,117,2,2,4,5,8,6,-1,0,-1,439,0,122672,144594,56533,565,28,141509,2949.84,12,0,109979,1800,12,1,156589,1106.17,12,0,0.119,0.011,0.062,0.1971,1
131209,Mar,Product 11,Channel 3,PA,Bureau 1,5.8,900,1000,150000,0,0,0,108899.8,0,0,0.03946,N,7,0,281,1.24906,0,67,18,Y,0,0,0,1,37,42,58,3,-1,0,87,467,-1,8852,8662,0,90,31,110422,693.47,12,0,109978,476.37,12,1,167987,464.6,6,0,0.032,0.0002,0.107,0.1332,1
128352,Mar,Product 1,Channel 3,MO,Bureau 1,1.5,900,2000,130000,5,1,1,94815.6,5,1,0.01719,N,4,0,9,0.97777,1,29,17,N,5,168,2,1,78,0,0,3,2,0,0,434,0,2561,3,2675,6,5,115459,1.1,12,0,109187,0,12,0,0,0,0,0,0.323,0.0021,0.12,0.1503,1
162097,Jun,Product 1,Channel 1,DC,Bureau 1,2.6,675,10000,80000,220,1,1,36737.4,0,0,0.02476,N,5,0,269,0.42,1,78,96,N,-1,861,0,3,31,77,89,5,0,1026260,100,448,-1,40938.71,834,0,34,4,163070,15000,11,1,108875,4716.44,12,1,166931,1363.27,12,0,0.003,0.0002,0.109,0.1858,1
143999,May,Product 7,Channel 1,CA,Bureau 1,0,900,5000,150000,0,0,0,90277.91667,0,0,0.02514,N,83,0,907,1.29166,0,27,19,Y,0,0,0,0,1,5,7,0,-1,750000,5,441,-1,5605,5553,0,76,0,154434,200,8,0,108713,175,12,1,126631,99.42,12,1,0.025,0.0003,0.046,0.2229,1
148566,May,Product 6,Channel 4,NY,Bureau 1,2.2,675,6000,60000,44,2,2,24682,0,0,0.01361,N,0,1,215,0.15789,1,67,85,N,-1,158,0,1,11,18,23,3,3,1188175,23,385,-1,5605,5553,0,76,0,154434,200,8,0,108713,175,12,1,126631,99.42,12,1,0.001,0,0.039,0.1393,1
162484,Jun,Product 1,Channel 4,CA,Bureau 2,3.5,775,2000,110000,20,1,1,65261.16667,0,0,0.02837,N,67,0,500,0.46808,3,67,18,Y,20,0,0,0,44,0,0,0,0,0,0,428,0,3537,0,0,76,9,137817,2058.3,10,1,108641,620.88,12,1,129035,508.79,12,1,0,0,0,0.2107,1
100021,Jan,Product 1,Channel 2,AZ,Bureau 1,4,700,2000,80000,21,1,3,53333.33333,21,3,0.03227,N,5,0,5,0.21505,0,50,19,N,21,1081,0,3,12,20,22,4,3,1501431,2,212,2,3335,72,0,18,4,159596,2731,12,1,108313,269.9,12,0,162962,100,11,0,0.002,0.0002,0.04,0.2275,1
123902,Mar,Product 6,Channel 4,FL,Bureau 1,2.5,675,10000,85000,16,2,2,59687,0,0,0.00834,N,0,0,69,0.47222,1,45,18,N,-1,249,2,1,111,87,106,3,0,0,0,341,-1,1849,2116,0,36,5,125518,666.85,12,1,107804,69.15,12,0,156385,20,12,0,0,0,0.028,0.2107,1
100015,Jan,Product 1,Channel 2,CA,Bureau 1,2.6,725,2000,120000,50,4,4,82190.33333,9,2,0.02952,N,4,0,904,0.5,0,68,15,N,9,1037,0,3,103,116,151,3,3,0,1,263,1,1849,2116,0,36,5,125518,666.85,12,1,107804,69.15,12,0,156385,20,12,0,0.132,0,0,0.1175,1
100013,Jan,Product 1,Channel 3,TX,Bureau 1,0.2,800,9000,60000,61,5,6,29596,39,2,0.00025,N,2,2,806,0.12,0,96,0,N,39,31,2,2,102,0,0,3,3,0,2,144,2,1791,1912,3454,190,120,124596,400,12,0,107663,228.54,12,0,115459,208.2,12,0,0.003,0,0,0.1971,1
118190,Feb,Product 4,Channel 4,NJ,Bureau 2,3,650,3800,25000,7,2,2,12767,0,0,0.00756,N,0,1,3,0.16666,0,68,19,N,7,41,0,0,3,13,16,3,-1,299000,-1,314,1,2499,2499,800,98,17,159596,516.27,12,1,105795,478.76,12,1,164240,448.8,12,0,0.005,0.0011,0.015,0.1188,1
123415,Mar,Product 1,Channel 4,TX,Bureau 1,4.4,700,2000,240000,142,3,10,149726.6667,142,9,0.00465,Y,1,0,215,1,0,70,0,N,142,589,7,2,1,5,7,1,7,0,5,407,8,4384,0,0,80,9,123829,2322.5,12,0,105521,604,11,1,143180,501.94,12,0,0.067,0.0031,0.021,0.1762,1
152084,Jun,Product 6,Channel 2,IA,Bureau 1,3.4,775,10000,90000,338,3,20,61057,338,10,0.0008,Y,16,2,5,0.32727,0,99,35,N,338,1817,4,5,22,14,31,6,7,114841,27,224,18,2731,0,0,100,7,105353,512.09,12,0,105271,428.01,12,0,141345,397.05,12,0,0.005,0,0,0.1858,1
110433,Feb,Product 1,Channel 3,MO,Bureau 1,7.6,900,2000,35000,0,0,0,26117.08333,0,0,0.01481,Y,2,0,97,0.16043,3,24,75,Y,0,0,0,2,2,3,6,0,0,594956,0,193,-1,10238,0,0,31,13,129671,9000,0,1,102670,413.4,12,1,118105,300,12,1,0.03,0.0017,0.033,0.1662,1
131215,Mar,Product 6,Channel 3,MA,Bureau 1,0.5,750,2000,20000,13,1,1,6445,13,1,0.00231,N,0,1,3,0.05882,0,68,19,N,13,375,2,2,5,9,12,4,3,1035239,10,271,0,2959,3246,0,9,0,163445,1851.5,11,0,101592,351.49,12,0,131509,101,12,0,0,0,0.089,0.1662,1
161567,Jun,Product 1,Channel 3,IL,Bureau 1,0.7,750,2000,30000,215,10,18,17813.66667,197,17,0.00084,Y,3,0,85,0.33684,0,72,85,N,197,12961,4,6,10,20,19,10,7,306000,23,449,16,51001.1,1444,0,4,2,163070,25500,11,1,101474,1.1,12,0,0,0,0,0,0.001,0.0003,0.087,0.1609,1
127155,Mar,Product 7,Channel 4,IL,Bureau 1,6.9,675,1000,40000,56,1,1,23629.66667,56,1,0.02034,N,0,0,12,0.4,0,28,74,N,56,19,0,3,17,94,126,5,3,0,215,314,0,14587,14745,10723,168,77,101572,2232.78,12,0,101441,592.65,12,0,115269,500,12,0,0.008,0.0016,0.035,0.2787,1
141663,May,Product 1,Channel 3,CT,No Bureau Hit,0.3,900,26000,65000,0,0,0,0,0,0,0.0258,Y,121,0,0,0.29545,0,62,15,Y,0,6950,7,6,4,7,8,10,6,0,6,467,-1,10108.83,1852.2384,0,4,1,164428,10107.73,3,0,101441,1.1,12,0,163070,0,11,1,0.001,0.0024,0.049,0.4551,1
103845,Jan,Product 1,Channel 2,NJ,Bureau 1,3.7,900,5000,60000,5,1,1,40000,5,1,0.00812,N,6,0,500,0.35492,0,47,19,N,5,108,0,2,8,18,25,0,-1,226545,-1,409,0,19712,0,0,31,6,166949,2526.78,1,1,101420,1753,12,0,167058,898.18,12,1,0.001,0,0.018,0.1884,1
100004,Jan,Product 1,Channel 1,CA,Bureau 1,4,700,5000,75000,18,2,2,39780,0,0,0.05036,N,5,0,500,0.26315,0,67,14,N,-1,191,0,1,3,16,17,3,3,1032179,1,386,0,2125.03,0,0,49,5,100386,1171.48,12,0,101413,651.73,12,0,123387,301.82,12,1,0,0.0001,0.061,0.2493,1
145165,May,Product 6,Channel 3,CA,Bureau 2,2.5,900,5000,110000,3,1,1,65973.10667,0,0,0.05248,N,11,0,500,0.4448,1,68,84,N,3,80,0,4,111,0,0,0,2,0,0,476,0,8002,6790,0,69,5,124486,1077.5,12,1,101056,557.02,12,0,144312,222.11,12,1,0.999,0.0318,0.08,0.1762,1
118060,Feb,Product 12,Channel 2,CO,Bureau 1,23.5,525,3300,80000,119,2,17,58203.26667,119,11,0.01094,Y,1,1,0,0.415,0,98,39,N,119,1926,4,6,4,15,16,9,6,625000,17,270,13,10763,6575,7621,37,12,153503,5000,12,0,101039,2519.75,11,0,158987,1500,0,1,0.006,0.0003,0.006,0.3716,1
144348,May,Product 6,Channel 2,CA,No Bureau Hit,1,900,4500,45000,5,1,1,24586.66667,5,1,0.01902,N,13,0,472,0.25,0,24,42,N,5,166,0,1,1,9,15,2,2,800000,11,448,0,23776,12620,0,22,0,137845,17860,8,1,100684,165.63,12,0,151328,137.15,12,0,0.004,0.002,0.071,0.3218,1
120461,Feb,Product 1,Channel 3,NY,No Bureau Hit,0,800,30000,500000,0,0,0,132541.602,0,0,0.00284,NA,1,0,0,0.76923,0,72,19,NA,0,-1,-1,-1,-1,-1,-1,-1,-1,0,-1,448,-1,25507,2375,0,17,0,163070,829.08,11,1,100473,639.28,12,1,148298,613.66,12,0,0.03,0,0,0.2035,1
160594,Jun,Product 1,Channel 3,CA,Bureau 1,4.9,775,1000,260000,88,4,4,118694.5833,0,0,0.00582,Y,2,0,71,0.78571,2,78,84,Y,-1,878,4,6,60,32,53,1,3,965000,66,348,-1,3598,3287,14856,35,24,124596,1000,12,0,100386,425.46,12,0,105171,176,12,0,0.012,0.0004,0.045,0.1884,1
120805,Feb,Product 6,Channel 3,ME,Bureau 1,3,900,1000,45000,1,1,1,30009.16667,1,1,0.03409,N,0,3,93,0.19565,1,68,19,N,1,17,0,0,4,14,15,0,0,1249608,0,256,-1,63974,45492,21201,245,45,156589,2956.63,12,0,100386,2568.56,12,0,124596,2000,12,0,0.089,0.0047,0.039,0.2787,1
128563,Mar,Product 6,Channel 3,CA,Bureau 1,1.4,900,5000,90000,2,1,1,49599.9,2,1,0.03132,N,12,1,500,0.41086,0,67,19,N,2,84,0,2,3,13,15,0,1,2438000,20,419,-1,63974,45492,21201,245,45,156589,2956.63,12,0,100386,2568.56,12,0,124596,2000,12,0,0.019,0.0008,0.048,0.1858,1
106363,Jan,Product 1,Channel 1,CT,Bureau 1,0,900,2000,70000,0,0,0,45562.26667,0,0,0.02927,N,0,0,50,0.51698,0,68,15,Y,0,0,0,0,15,27,30,0,-1,0,-1,366,-1,6206,9668,0,247,87,166561,1398.03,12,0,100386,1384.77,12,0,166472,937.63,12,0,0.001,0.0002,0.132,0.1609,1
132010,Apr,Product 1,Channel 3,NC,No Bureau Hit,0,850,5000,20000,0,0,0,27354.64067,0,0,0.00092,NA,1,0,0,0.12,0,99,99,NA,0,-1,-1,-1,-1,-1,-1,-1,-1,0,-1,443,-1,206843,83750,0,364,6,163070,4740.06,11,1,100283,4404.61,9,0,156589,3930.8,12,0,0.01,0.0342,0.034,0.1884,1
106751,Jan,Product 1,Channel 3,NY,Bureau 1,1.9,750,10000,120000,8,1,1,100396.6667,8,1,0.03878,N,2,0,500,0.60301,2,50,15,N,8,46,2,1,6,24,28,3,0,0,2,441,0,888,191,959,40,14,129915,600,12,1,100002,203,10,0,101441,55.93,12,0,0.001,0,0.071,0.1858,1
100016,Jan,Product 11,Channel 2,NY,No Bureau Hit,0.6,700,33000,650000,415,2,5,433333.3333,110,3,0.00234,Y,2,0,5,4.16666,0,99,99,N,110,299,7,6,3,13,18,9,7,631114,16,9,2,13238.52,1450,1211,120,54,159596,4331.1,12,1,100002,1708.42,12,0,111939,795,12,1,0.001,0,0.022,0.2035,1
114032,Feb,Product 1,Channel 2,CA,Bureau 2,6.2,725,1000,100000,58,2,3,69104.45373,0,0,0.02629,N,0,2,87,0.74384,0,68,18,N,22,599,2,2,111,168,211,3,2,0,3,310,1,7806.35,0,0,42,19,124596,2000,12,0,100002,1977.97,12,0,155599,1492.38,7,0,0.39,0.004,0.061,0.2035,1
157455,Jun,Product 1,Channel 2,FL,Bureau 1,0.4,800,15000,85000,253,3,3,59348.99833,168,1,0.00128,Y,40,1,187,0.1783,1,62,19,N,168,595,6,4,8,10,10,5,5,612157,14,262,0,1855,1970,0,1,0,163582,1855,11,1,0,0,0,0,0,0,0,0,0.006,0,0,0.1971,1
152082,Jun,Product 1,Channel 3,FL,Bureau 1,4.5,675,1000,300000,232,5,8,166185,0,0,0.05475,N,0,3,3,0.9756,0,68,29,N,-1,60,4,6,4,8,9,3,7,1366172,10,468,0,4949,509,0,1,0,163390,4949,11,1,0,0,0,0,0,0,0,0,0,0,0,0.1592,1
125147,Mar,Product 1,Channel 4,IL,Bureau 1,3.8,700,1000,25000,79,2,2,10942.16667,5,1,0.0259,N,21,1,90,0.20833,0,68,85,N,5,147,0,1,6,14,18,3,2,350181,15,467,0,4985,463,0,1,0,163370,4985,5,1,0,0,0,0,0,0,0,0,0.004,0.0001,0.025,0.2035,1
101788,Jan,Product 1,Channel 3,FL,Bureau 1,0.1,800,20000,220000,185,11,20,111127.3333,129,16,0.00025,NA,1,0,5,2.03031,0,63,29,N,129,832,-1,-1,-1,-1,-1,-1,-1,589285,-1,480,19,33768.1,7000,0,1,0,163070,16884.1,11,1,0,0,0,0,0,0,0,0,0.062,0.0001,0.079,0.2107,1
105529,Jan,Product 1,Channel 3,TX,Bureau 1,3.2,700,5100,30000,52,5,5,22666.66667,52,5,0.00113,NA,0,1,12,0.15454,0,70,29,N,52,171,-1,-1,-1,-1,-1,-1,-1,125090,-1,432,4,29500,13310,0,1,0,163070,29500,11,1,0,0,0,0,0,0,0,0,0.003,0.0003,0.1,0.2035,1
120821,Mar,Product 1,Channel 3,MN,Bureau 2,0.6,800,20000,50000,393,4,5,31000,0,0,0,N,139,1,0,0.23478,0,62,19,Y,393,5330,-1,0,5,6,7,0,0,392008,7,448,4,3946,0,0,3,0,163070,3946,11,1,0,0,0,0,0,0,0,0,0,0,0.071,0.3218,1
141874,May,Product 1,Channel 3,CA,No Bureau Hit,0,800,25000,190000,0,0,0,75665.33333,0,0,0.00278,NA,1,0,0,0.76,0,78,95,NA,0,-1,-1,-1,-1,-1,-1,-1,-1,0,-1,454,-1,35195.88,15000,0,3,1,163070,35195.88,11,1,0,0,0,0,0,0,0,0,0.037,0,0,0.172,1
131234,Apr,Product 1,Channel 3,MI,Bureau 2,0.6,800,15000,60000,440,8,26,21540,0,0,0.00286,Y,167,2,0,0.32258,0,62,45,Y,440,5289,7,6,3,6,8,10,6,288826,8,452,21,5636,1859.88,0,8,0,163070,5636,11,1,0,0,0,0,0,0,0,0,0.021,0.0007,0.035,0.3218,1
120811,Mar,Product 1,Channel 3,LA,Bureau 2,1.5,750,10700,50000,311,5,7,28333.33333,0,0,0,Y,88,1,0,0.33333,0,94,99,Y,311,7691,2,6,3,10,12,9,5,98634,5,441,5,9636,479,0,11,0,163070,9636,11,1,0,0,0,0,0,0,0,0,0,0,0.013,0.4551,1
131235,Apr,Product 1,Channel 3,MO,Bureau 2,0.3,800,27000,55000,483,3,6,36666.66667,0,0,0.02322,Y,178,0,0,0.22,0,62,19,Y,116,10101,0,0,7,4,4,7,0,327100,6,452,3,7774,799,0,16,5,163070,7774,11,1,0,0,0,0,0,0,0,0,0.002,0.0005,0.105,0.3716,1
131230,Apr,Product 1,Channel 3,LA,Bureau 2,1.3,775,10500,55000,155,9,20,38000,0,0,0.01416,Y,199,1,0,0.35625,0,62,19,Y,155,10051,-1,0,7,18,22,0,0,192571,15,452,16,8043,1100,0,17,1,163070,8043,11,1,0,0,0,0,0,0,0,0,0,0,0.374,0.3716,1
131231,Apr,Product 1,Channel 3,VA,Bureau 2,0.6,800,6000,80000,241,6,22,34880,0,0,0.00259,Y,131,1,0,0.42,0,65,19,Y,241,944,4,3,16,19,20,6,5,498672,22,457,18,5664,2039.04,0,9,1,163070,5664,11,1,0,0,0,0,0,0,0,0,0.123,0.002,0.029,0.4551,1
120819,Mar,Product 1,Channel 3,IL,Bureau 2,1.9,800,4000,85000,145,2,4,51666.66667,0,0,0.01204,N,126,1,0,1,0,62,15,Y,145,4150,0,5,3,6,7,0,0,113507,4,452,3,1241,0,0,3,0,163070,1241,11,1,0,0,0,0,0,0,0,0,0.026,0.0004,0.05,0.4551,1
120816,Mar,Product 1,Channel 3,AR,Bureau 1,0.1,800,25000,55000,307,3,11,32040,233,9,0.00134,Y,171,1,0,0.38,2,62,19,N,233,4378,7,5,4,11,11,9,0,349700,17,452,6,16703,2015.26,0,29,9,163070,16703,11,1,0,0,0,0,0,0,0,0,0.002,0.0013,0.251,0.2787,1
120814,Mar,Product 1,Channel 3,UT,Bureau 2,0.6,800,13500,65000,218,6,13,38333.33333,0,0,0.00284,Y,36,1,0,0.325,0,69,29,Y,218,1600,4,4,5,3,3,5,6,307100,11,439,9,6894,1861.38,0,13,2,163070,6894,11,1,0,0,0,0,0,0,0,0,0.001,0.0001,0.022,0.3218,1
120813,Mar,Product 1,Channel 3,WY,Bureau 2,1.2,800,15000,60000,237,4,7,36333.33333,0,0,0.00058,Y,82,1,0,0.47692,0,69,29,Y,237,2336,6,6,6,11,11,9,5,242806,5,445,3,11509,762.16,0,13,1,163070,11509,11,1,0,0,0,0,0,0,0,0,0.005,0.0004,0.037,0.4551,1
131226,Apr,Product 1,Channel 3,SC,Bureau 2,1.5,775,6000,55000,311,11,15,29166.66667,0,0,0,N,144,2,0,0.28999,0,55,95,Y,311,10287,0,0,4,11,11,0,0,175656,9,452,13,3869,0,0,14,2,163070,3869,11,1,0,0,0,0,0,0,0,0,0.039,0,0,0.2787,1
141671,May,Product 1,Channel 3,ID,No Bureau Hit,1,900,7500,50000,0,0,0,0,0,0,0.04019,Y,29,0,0,0.25,0,27,19,N,0,3387,4,6,3,5,5,6,5,0,5,460,-1,899,0,0,1,0,163070,899,11,1,0,0,0,0,0,0,0,0,0.001,0,0.014,0.3218,1
120822,Mar,Product 1,Channel 3,TX,Bureau 1,0.4,800,15000,55000,214,5,25,34787.66667,214,21,0,Y,29,0,0,0.24444,1,65,95,N,214,9950,7,6,1,10,12,12,6,531177,4,452,20,3147,0,0,2,0,163070,3147,11,1,0,0,0,0,0,0,0,0,0.003,0.0001,0.024,0.5573,1
131227,Apr,Product 1,Channel 3,MI,Bureau 2,1.4,750,4000,50000,547,11,22,33333.33333,0,0,0.01972,N,87,1,0,0.28571,0,65,19,Y,178,446,-1,0,5,18,23,0,0,163790,16,445,20,3939,0,0,19,5,163070,3939,11,1,0,0,0,0,0,0,0,0,0.013,0,0,0.2787,1
120820,Mar,Product 1,Channel 3,KY,Bureau 1,1.4,675,6600,50000,124,6,8,6512.266667,124,6,0,N,43,0,0,0.026,2,20,19,N,124,1676,0,0,9,14,17,5,0,110000,16,444,7,1149,0,0,3,2,163070,1149,11,1,0,0,0,0,0,0,0,0,0.002,0.0001,0.056,0.4551,1
120808,Mar,Product 1,Channel 3,MD,Bureau 1,0.1,800,12500,50000,280,3,8,24636.33333,280,3,0.00043,Y,28,0,0,0.16666,2,62,18,N,280,1344,4,3,3,2,2,3,6,0,6,461,6,2308,0,0,13,4,163070,2308,11,1,0,0,0,0,0,0,0,0,0.016,0.0003,0.099,0.3218,1
131228,Apr,Product 1,Channel 3,NH,Bureau 2,4.1,675,4000,55000,189,6,12,24406.66667,0,0,0.01061,Y,184,1,0,0.44,0,62,15,Y,189,2195,0,0,8,13,16,8,4,205108,6,459,7,3387,0,0,11,0,163070,3387,11,1,0,0,0,0,0,0,0,0,0,0,0,0.3941,1
120818,Mar,Product 1,Channel 3,GA,Bureau 2,2.7,725,4000,50000,163,0,5,28333.33333,0,0,0.05183,N,179,1,0,0.27777,0,62,19,Y,163,2961,-1,0,2,4,6,0,0,232855,22,450,4,3325,0,0,12,3,163070,3325,11,1,0,0,0,0,0,0,0,0,0.001,0,0.174,0.3716,1
120807,Mar,Product 1,Channel 3,OH,Bureau 1,5.8,675,8000,70000,240,10,24,41100,201,17,0,Y,32,2,0,0.28799,0,99,98,N,201,2423,7,6,8,8,9,11,6,329900,14,324,20,799,0,0,1,0,163070,799,11,1,0,0,0,0,0,0,0,0,0.002,0.0001,0.041,0.3716,1
131229,Apr,Product 1,Channel 3,MD,Bureau 2,0.6,750,15000,55000,457,5,9,38666.66667,0,0,0.00154,Y,117,2,0,0.12888,0,62,15,Y,210,10354,4,6,3,7,11,9,6,1034094,3,457,6,14937,1481.1,0,15,3,163070,14937,11,1,0,0,0,0,0,0,0,0,0.005,0.0017,0.024,0.3218,1
131244,Apr,Product 1,Channel 3,NY,Bureau 2,0.3,800,19900,60000,538,13,19,40000,0,0,0.02486,Y,38,0,0,0.3,0,62,19,Y,538,4322,0,6,1,4,5,9,5,219913,5,457,18,2248,0,0,2,0,163070,2248,11,1,0,0,0,0,0,0,0,0,0.958,0.007,0.106,0.3716,1
120809,Mar,Product 1,Channel 3,CT,Bureau 2,1.2,800,13000,60000,382,7,10,36333.33333,0,0,0.00843,Y,87,2,0,0.31,0,69,29,Y,120,6869,-1,0,9,15,19,0,0,594475,13,453,7,1099,0,0,1,0,163070,1099,11,1,0,0,0,0,0,0,0,0,0.04,0.001,0.027,0.5573,1
100027,Jan,Product 6,Channel 1,WI,Bureau 1,5.7,700,3700,90000,327,2,10,57116,327,10,0.00399,Y,37,0,75,1,0,67,76,N,327,8657,7,6,2,2,3,10,4,151712,3,307,9,4474,40,0,1,0,158680,4474,11,1,0,0,0,0,0,0,0,0,0,0.0001,0.041,0.1858,1
145049,May,Product 11,Channel 2,CA,Bureau 1,1.1,700,2000,120000,59,2,2,69678,6,1,0.01086,Y,9,2,59,0.3,0,55,29,Y,6,925,0,1,0,13,16,3,3,1025000,15,293,0,22.03,0,0,1,0,152200,22.03,12,0,0,0,0,0,0,0,0,0,0,0,0,0.172,1
144170,May,Product 6,Channel 1,CA,Bureau 1,3.6,900,2000,110000,0,0,0,67812.285,0,0,0.03089,N,41,1,488,0.4572,0,67,0,N,0,41,0,0,111,0,0,0,0,0,0,462,-1,175,439,0,4,0,151296,99.96,12,1,0,0,0,0,0,0,0,0,0,0,0.049,0.1592,1
113292,Feb,Product 6,Channel 3,PA,Bureau 1,11.3,700,1700,120000,103,2,3,88676,103,2,0.18367,Y,60,0,5,1,0,30,17,N,103,29,2,6,38,46,67,3,3,0,15,395,0,2580,80,0,1,0,150006,2580,7,1,0,0,0,0,0,0,0,0,0.004,0,0.084,0.1609,1
152890,Jun,Product 1,Channel 1,OH,Bureau 1,0.5,775,10000,120000,50,2,3,90923,46,1,0.00583,Y,5,1,68,0.88888,1,50,18,Y,46,1516,6,4,110,0,0,7,3,0,0,361,2,13,13,0,1,0,149603,12.5,12,1,0,0,0,0,0,0,0,0,0.014,0.0008,0.063,0.1188,1
127738,Mar,Product 4,Channel 1,NJ,Bureau 2,9.5,900,2000,45000,0,0,0,31102.66667,0,0,0.02058,N,0,0,87,0.30666,0,68,0,N,0,79,0,2,47,70,94,0,-1,0,114,361,-1,261,902,0,3,1,146756,2.2,12,0,0,0,0,0,0,0,0,0,0.001,0,0.068,0.1031,1
112014,Feb,Product 1,Channel 2,TX,No Bureau Hit,15.1,675,1000,95000,28,3,3,70127.86667,6,2,0.02918,Y,3,8,12,0.27947,0,72,96,N,6,498,6,3,7,14,16,4,3,550999,2,444,1,404.1,397,0,1,0,136205,202.1,11,1,0,0,0,0,0,0,0,0,0,0,0.025,0.1884,1
142495,May,Product 1,Channel 1,CA,Bureau 1,6.4,675,1000,40000,43,1,2,24408.66667,43,2,0.01558,Y,3,1,5,0.24,0,44,95,N,43,8782,2,6,14,20,23,7,5,800000,25,273,1,364.32,3496,0,1,0,131480,182.32,12,0,0,0,0,0,0,0,0,0,0.003,0,0.023,0.1404,1
141371,Apr,Product 1,Channel 3,NJ,Bureau 1,3.5,900,2000,50000,5,1,1,41268.84927,5,1,0.06402,Y,40,5,790,0.46395,0,98,19,Y,5,136,0,1,14,43,53,3,2,379000,56,435,0,2000,2045,0,10,7,124596,2000,12,0,0,0,0,0,0,0,0,0,0.001,0,0.127,0.1884,1
111547,Feb,Product 1,Channel 4,FL,Bureau 1,2.1,750,6000,60000,43,3,3,29431.2686,43,3,0.00058,Y,1,0,83,0.21237,0,99,39,N,43,477,6,2,3,4,4,4,3,525525,3,230,2,27.42,13,0,2,0,120608,14.42,12,1,0,0,0,0,0,0,0,0,0.071,0.0012,0.092,0.2035,1
122885,Mar,Product 6,Channel 3,TX,Bureau 1,1.1,750,25000,240000,106,2,6,147624,106,5,0.00298,Y,1,1,11,0.48,0,55,89,N,106,956,7,4,142,211,255,7,7,0,20,405,5,776,280,0,3,0,115340,748.61,12,0,0,0,0,0,0,0,0,0,0,0,0.01,0.2493,1
100003,Jan,Product 6,Channel 4,CA,Bureau 1,0.8,775,13500,65000,163,5,6,43333.33333,77,3,0.00291,Y,0,1,12,0.26,0,99,99,N,77,2597,2,6,3,10,11,4,5,670000,6,249,3,22.75,0,0,2,0,112549,22.75,12,0,0,0,0,0,0,0,0,0,0.002,0.0007,0.048,0.1314,1
110406,Feb,Product 4,Channel 2,NY,Bureau 1,4.6,750,2000,70000,84,2,8,46178.46667,77,5,0.03702,N,1,0,193,0.41111,1,35,18,N,77,282,0,4,75,85,104,3,3,0,4,338,4,15,165,0,1,0,111089,14.99,12,1,0,0,0,0,0,0,0,0,0,0,0,0.1762,1
131252,Apr,Product 1,Channel 3,CT,Bureau 2,1.3,725,2000,55000,241,4,12,38666.66667,0,0,0.03398,Y,41,1,0,0.28999,0,65,19,Y,241,5724,4,6,6,8,10,7,6,289423,10,459,10,1.1,0,0,1,0,110104,1.1,12,0,0,0,0,0,0,0,0,0,0.034,0.0001,0.057,0.4551,1
131241,Apr,Product 1,Channel 3,NY,Bureau 2,0.4,800,25000,60000,351,5,16,35220,0,0,0.01259,Y,82,0,0,0.31578,0,62,19,Y,351,10591,2,6,3,4,6,9,5,260090,6,472,13,123,0,0,1,0,110104,123,12,0,0,0,0,0,0,0,0,0,0.012,0.0005,0.057,0.3716,1
145169,May,Product 6,Channel 1,CA,Bureau 1,2.1,900,5000,110000,4,1,1,65735.79333,4,1,0.01915,N,25,1,500,0.4432,0,67,16,N,4,13,0,0,111,3,5,2,0,0,4,454,0,2,0,0,4,2,101474,2,12,0,0,0,0,0,0,0,0,0,0.001,0,0,0.2275,1
161985,Jun,Product 7,Channel 1,CA,Bureau 1,4,900,1000,100000,1,1,1,65241.36817,1,1,0.05744,N,1,2,500,0.43988,0,24,45,N,1,54,0,0,9,18,23,0,0,398415,24,264,-1,1094.49,0,0,1,0,101045,547.49,12,0,0,0,0,0,0,0,0,0,0,0,0.038,0.2787,1
120810,Mar,Product 1,Channel 3,MA,Bureau 2,0.4,800,25000,55000,341,4,9,26828.33333,0,0,0.00075,Y,163,1,0,0.275,0,69,29,Y,162,8299,7,6,3,8,9,12,6,496686,4,455,8,0,0,0,0,0,0,0,0,0,0,0,0,0,0,0,0,0,0,0,0,0.4551,1
120817,Mar,Product 1,Channel 3,WI,Bureau 1,1,800,12000,50000,390,9,19,29343.66667,363,16,0,Y,126,0,0,0.43333,1,24,19,N,363,9996,7,6,9,8,10,12,6,69377,7,448,18,0,0,0,0,0,0,0,0,0,0,0,0,0,0,0,0,0,0,0,0,0.3941,1
131232,Apr,Product 1,Channel 3,SD,Bureau 2,0.4,800,25000,60000,292,6,20,33140,0,0,0.03122,N,184,1,0,0.5,0,65,15,Y,157,5684,0,0,3,2,3,0,0,0,9,450,17,0,0,0,0,0,0,0,0,0,0,0,0,0,0,0,0,0,0,0,0,0.3941,1
131233,Apr,Product 1,Channel 3,MA,Bureau 2,0.2,800,25000,55000,358,3,10,36666.66667,0,0,0.00172,Y,140,1,0,0.34375,0,62,19,Y,168,5738,7,6,1,12,14,11,6,472838,15,458,7,0,0,0,0,0,0,0,0,0,0,0,0,0,0,0,0,0,0,0,0,0.2787,1
131255,Apr,Product 1,Channel 3,CT,Bureau 2,0.3,800,30000,55000,353,2,5,36666.66667,0,0,0.01223,Y,74,0,0,0.25,0,62,19,Y,353,10730,-1,0,1,5,6,0,0,403137,2,463,2,0,0,0,0,0,0,0,0,0,0,0,0,0,0,0,0,0,0,0,0,0.3941,1
120812,Mar,Product 1,Channel 3,TX,Bureau 2,0.3,800,13000,65000,96,2,6,38333.33333,0,0,0.02429,N,89,1,0,0.325,0,42,15,Y,96,420,-1,0,31,12,31,0,0,0,27,438,5,0,0,0,0,0,0,0,0,0,0,0,0,0,0,0,0,0,0,0,0,0.3716,1
120815,Mar,Product 1,Channel 3,IN,Bureau 2,0.4,800,15000,70000,289,6,13,43000,0,0,0.01448,Y,189,1,0,0.28799,0,69,19,Y,289,9218,0,0,4,3,5,10,6,133100,4,441,12,0,0,0,0,0,0,0,0,0,0,0,0,0,0,0,0,0,0,0,0,0.3218,1
131243,Apr,Product 1,Channel 3,NY,Bureau 2,0.7,775,8000,65000,189,12,24,36373.33333,0,0,0.00895,Y,111,0,0,0.39393,0,55,95,Y,189,7492,2,6,3,11,12,9,6,268219,14,481,22,0,0,0,0,0,0,0,0,0,0,0,0,0,0,0,0,0,0,0,0,0.3716,1
131248,Apr,Product 1,Channel 3,SC,Bureau 2,0.5,775,16700,55000,348,10,15,36666.66667,0,0,0.02978,N,143,0,0,0.34375,0,65,15,Y,348,3340,0,0,0,1,1,0,0,0,9,472,14,0,0,0,0,0,0,0,0,0,0,0,0,0,0,0,0,0,0,0,0,0.3218,1
141129,Apr,Product 1,Channel 2,NJ,Bureau 1,0.7,900,5000,100000,2,1,1,73094.9,2,1,0.01262,N,8,1,500,0.68,0,96,18,N,2,43,0,0,3,38,43,0,0,0,47,430,-1,0,0,34781,0,0,0,0,0,0,0,0,0,0,0,0,0,0,0,0,0,0.1609,1
152796,Jun,Product 1,Channel 4,NY,Bureau 1,3.6,725,2000,40000,6,1,1,25928.33333,6,1,0.00603,N,0,4,5,0.21621,1,68,96,N,6,138,0,1,115,0,0,3,3,0,0,356,0,0,0,6400,0,0,0,0,0,0,0,0,0,0,0,0,0,0,0,0,0,0.2107,1
157032,Jun,Product 6,Channel 3,MI,Bureau 1,2.7,700,1000,750000,21,2,2,443992.3333,21,2,0.00388,N,1,1,907,3.1,0,72,16,N,21,530,6,2,2,1,1,3,2,0,1,485,1,0,0,3977,0,0,0,0,0,0,0,0,0,0,0,0,0,0,0,0,0,0.1517,1
100024,Jan,Product 6,Channel 3,CA,Bureau 1,9.6,650,1700,40000,9,1,1,29099.33333,9,1,0.00593,N,3,0,195,0.11261,1,68,45,N,9,487,6,2,5,22,26,3,3,1325000,1,240,0,0,0,3977,0,0,0,0,0,0,0,0,0,0,0,0,0,0,0,0,0,0.1517,1
139527,Apr,Product 6,Channel 3,CA,Bureau 1,2.1,900,5000,80000,4,1,1,48510.36333,4,1,0.01332,N,31,1,500,0.3292,0,67,85,N,4,70,0,0,111,0,0,0,0,0,0,412,0,0,0,14327,0,0,0,0,0,0,0,0,0,0,0,0,0,0,0,0,0,0.1662,1
145791,May,Product 1,Channel 4,CT,Bureau 1,2.8,900,5000,110000,1,1,1,81064.5,1,1,0.00669,N,0,0,271,0.8124,2,72,29,N,1,18,0,0,9,20,23,0,0,271622,20,386,-1,0,0,0,0,0,0,0,0,0,0,0,0,0,0,0,0,0,0,0,0,0.1332,1
149879,May,Product 1,Channel 4,CT,Bureau 1,2.6,675,6000,85000,9,2,2,62313.5,9,2,0.00949,N,1,0,234,0.60714,0,72,17,N,9,182,0,1,99,0,0,3,3,0,0,423,1,0,0,23685,0,0,0,0,0,0,0,0,0,0,0,0,0,0,0,0,0,0.1093,1
149423,May,Product 1,Channel 1,AZ,Bureau 1,0.8,750,3100,30000,213,2,2,16066.58333,0,0,0.00159,Y,49,0,11,0.29027,1,98,0,N,-1,10321,4,6,0,0,0,11,6,0,0,213,-1,0,0,0,0,0,0,0,0,0,0,0,0,0,0,0,0,0,0,0,0,0.1762,1
106560,Jan,Product 1,Channel 3,FL,Bureau 1,7.7,700,1000,200000,23,2,3,132159,0,0,0.11491,Y,4,2,213,0.8,0,68,15,N,-1,269,2,1,3,3,4,3,-1,579459,-1,0,-1,0,0,0,0,0,0,0,0,0,0,0,0,0,0,0,0,0,0,0,0,0.1592,1
130862,Mar,Product 6,Channel 1,TN,Bureau 2,1.4,750,10000,70000,32,1,1,64252.64913,0,0,0.03703,N,20,0,5,0.51175,0,68,75,N,-1,154,0,0,0,3,4,0,-1,300648,4,486,-1,0,0,0,0,0,0,0,0,0,0,0,0,0,0,0,0,0,0,0,0,0.1762,1
147072,May,Product 6,Channel 4,CA,Bureau 2,3.1,900,2000,100000,0,0,0,62116.765,0,0,0.07169,N,53,1,500,0.80538,0,67,19,N,0,8,0,0,6,27,33,0,0,690000,35,369,-1,0,0,0,0,0,0,0,0,0,0,0,0,0,0,0,0,0,0,0,0,0.2229,1
153333,Jun,Product 1,Channel 4,CA,Bureau 1,9,700,1000,110000,13,2,2,65261.16667,13,2,0.05753,N,1,2,211,0.59459,0,68,19,N,13,426,2,2,4,20,23,3,3,830000,30,318,1,0,0,0,0,0,0,0,0,0,0,0,0,0,0,0,0,0,0,0,0,0.1314,1
128752,Mar,Product 6,Channel 1,CA,Bureau 1,3.2,900,2000,90000,1,1,1,49731.11667,1,1,0.04819,N,7,1,500,0.41195,0,67,15,N,1,50,0,0,2,8,15,0,0,1840000,9,482,-1,0,0,0,0,0,0,0,0,0,0,0,0,0,0,0,0,0,0,0,0,0.149,1
131224,Mar,Product 6,Channel 4,CA,Bureau 1,2,900,5000,120000,3,1,1,74160.41667,3,1,0.01441,N,3,1,500,0.5,0,68,18,Y,3,34,0,0,18,46,59,0,0,0,76,308,0,0,0,0,0,0,0,0,0,0,0,0,0,0,0,0,0,0,0,0,0,0.3941,1
152220,Jun,Product 1,Channel 1,PA,Bureau 1,5.4,900,1000,30000,2,0,1,23744.26667,2,1,0.02655,N,6,1,500,0.19764,1,67,15,N,2,55,0,0,22,45,55,0,0,103900,72,439,-1,0,0,2821,0,0,0,0,0,0,0,0,0,0,0,0,0,0,0,0,0,0.149,1
115458,Feb,Product 6,Channel 1,NY,Bureau 1,6.2,725,1000,30000,8,1,1,18032,8,1,0.05468,N,24,0,289,0.15238,1,67,85,N,8,327,0,6,17,32,36,3,3,943689,4,457,0,0,0,4114,0,0,0,0,0,0,0,0,0,0,0,0,0,0,0,0,0,0.1762,1
125733,Mar,Product 11,Channel 1,TX,Bureau 2,4.4,900,1000,75000,3,1,1,58915,0,0,0.04816,N,1,1,50,0.3,0,50,17,N,3,89,0,0,97,76,105,0,-1,0,166,276,0,0,0,0,0,0,0,0,0,0,0,0,0,0,0,0,0,0,0,0,0,0.1372,1
131221,Mar,Product 11,Channel 3,NY,Bureau 1,4.4,700,10000,150000,15,1,1,95637.5,15,1,0.02212,N,1,0,146,0.80797,1,67,17,N,15,595,0,2,20,42,48,3,3,0,47,178,0,0,0,0,0,0,0,0,0,0,0,0,0,0,0,0,0,0,0,0,0,0.2035,1
135863,Apr,Product 1,Channel 4,CA,Bureau 2,0,900,1000,500000,0,0,0,215328.3333,0,0,0.05015,N,2,0,243,2.43902,0,68,17,N,0,1,0,0,16,0,0,0,-1,0,0,337,-1,0,0,0,0,0,0,0,0,0,0,0,0,0,0,0,0,0,0,0,0,0.1439,1
154405,Jun,Product 7,Channel 3,DE,Bureau 1,6.5,750,3700,40000,10,2,2,27893.33333,0,0,0.06808,N,0,0,54,0.28571,0,27,76,N,-1,235,0,1,0,3,15,3,-1,0,21,370,-1,0,0,4891,0,0,0,0,0,0,0,0,0,0,0,0,0,0,0,0,0,0.1314,1
100018,Jan,Product 11,Channel 3,MD,Bureau 1,13,725,1000,75000,100,7,12,40313,22,11,0.04042,Y,539,1,709,0.34666,0,60,95,Y,22,8362,2,5,8,15,22,1,5,503999,9,403,10,0,0,0,0,0,0,0,0,0,0,0,0,0,0,0,0,0,0,0,0,0.2878,1
130715,Mar,Product 1,Channel 3,NY,Bureau 1,1.4,750,3000,30000,87,2,3,16071.66667,87,3,0.00173,Y,5,0,11,0.24,0,49,96,N,87,754,6,6,7,12,15,8,3,650000,18,163,2,0,0,0,0,0,0,0,0,0,0,0,0,0,0,0,0,0,0,0,0,0.2275,1
147451,May,Product 6,Channel 3,MT,Bureau 1,4.2,900,1000,40000,0,0,0,32617.06667,0,0,0.00525,N,3,0,12,0.28799,0,98,76,Y,0,256,0,4,5,10,15,0,1,309300,10,117,-1,0,0,1611,0,0,0,0,0,0,0,0,0,0,0,0,0,0,0,0,0,0.1762,1
148612,May,Product 6,Channel 4,MA,No Bureau Hit,4.2,900,2000,180000,175,1,3,128072.4167,0,0,0.0159,Y,16,1,68,0.88095,0,78,29,Y,-1,2974,7,6,4,9,11,8,6,524721,10,296,0,0,0,0,0,0,0,0,0,0,0,0,0,0,0,0,0,0,0,0,0,0.172,1
149770,May,Product 7,Channel 4,NV,Bureau 1,3.8,900,5000,100000,0,0,0,70676.66667,0,0,0.03663,Y,3,1,187,0.5,0,68,83,N,0,2864,2,6,23,0,0,4,3,0,0,383,-1,0,0,0,0,0,0,0,0,0,0,0,0,0,0,0,0,0,0,0,0,0.149,1
131216,Mar,Product 6,Channel 2,NY,Bureau 2,2.5,900,5000,200000,54,1,1,115526.6667,0,0,0.05221,N,34,0,248,1.51515,2,67,85,N,-1,912,0,3,18,44,56,3,2,639000,49,459,-1,0,0,0,0,0,0,0,0,0,0,0,0,0,0,0,0,0,0,0,0,0.2229,1
143085,May,Product 8,Channel 3,DE,Bureau 1,0,900,4400,190000,0,0,0,123110.5,0,0,0.01377,N,2,0,500,0.50666,0,67,15,Y,0,0,0,0,57,56,115,0,-1,0,97,442,-1,0,0,0,0,0,0,0,0,0,0,0,0,0,0,0,0,0,0,0,0,0.1393,1
103767,Jan,Product 11,Channel 2,NY,Bureau 1,6.8,675,1000,35000,99,3,8,26333.33333,99,8,0.0412,Y,18,3,0,0.24666,0,67,19,N,99,215,0,1,20,36,50,4,6,740000,18,446,5,0,0,0,0,0,0,0,0,0,0,0,0,0,0,0,0,0,0,0,0,0.1762,1
100025,Jan,Product 1,Channel 3,IL,Bureau 1,4,700,2000,60000,12,1,1,40000,12,1,0.01781,N,2,0,129,0.46153,0,67,19,N,12,9,0,0,2,10,11,4,-1,0,-1,399,0,0,0,0,0,0,0,0,0,0,0,0,0,0,0,0,0,0,0,0,0,0.172,1
138366,Apr,Product 11,Channel 4,CA,Bureau 1,0,900,5000,190000,0,0,0,98955.65,0,0,0.04746,N,107,0,907,1.11428,0,27,19,Y,0,0,0,0,7,15,19,0,-1,470000,19,482,-1,0,0,1928,0,0,0,0,0,0,0,0,0,0,0,0,0,0,0,0,0,0.2275,1
148211,May,Product 6,Channel 1,CA,Bureau 1,0.6,750,15000,200000,135,3,14,102570.8043,112,12,0.00318,Y,1,0,50,1.07836,0,72,94,N,112,5895,4,6,33,23,34,7,3,0,53,448,12,0,0,0,0,0,0,0,0,0,0,0,0,0,0,0,0,0,0,0,0,0.1404,1
152080,Jun,Product 11,Channel 2,IL,Bureau 2,5.2,900,1000,20000,15,0,1,7116.666667,0,0,0.13199,Y,11,0,12,0.07142,2,72,85,N,-1,168,2,2,10,17,21,2,2,750000,21,268,0,0,0,600,0,0,0,0,0,0,0,0,0,0,0,0,0,0,0,0,0,0.172,1
139220,Apr,Product 6,Channel 4,NY,Bureau 1,2.7,700,7500,50000,16,2,2,30524.33333,16,2,0.04883,Y,61,1,248,0.27777,1,67,95,N,16,475,0,4,5,20,23,6,3,1500000,22,450,0,0,0,915,0,0,0,0,0,0,0,0,0,0,0,0,0,0,0,0,0,0.1858,1
120714,Feb,Product 6,Channel 2,CA,Bureau 1,1.6,725,5000,60000,7,1,1,35802.46667,7,1,0.01419,N,15,0,709,0.27234,1,67,18,N,7,271,0,1,29,24,26,3,3,0,1,458,0,0,0,915,0,0,0,0,0,0,0,0,0,0,0,0,0,0,0,0,0,0.1439,1
136757,Apr,Product 1,Channel 3,CA,Bureau 1,4,725,10000,110000,9,4,4,49786.73333,9,3,0.07788,N,2,2,216,0.6054,0,72,19,N,9,189,2,1,4,18,22,3,3,1150000,19,375,3,0,0,0,0,0,0,0,0,0,0,0,0,0,0,0,0,0,0,0,0,0.1662,1
157857,Jun,Product 1,Channel 3,NY,Bureau 1,1.8,750,2000,80000,131,1,1,51168,131,1,0.00591,Y,42,2,500,0.29629,1,99,98,N,131,7633,2,6,7,4,7,8,5,597940,4,486,0,0,0,0,0,0,0,0,0,0,0,0,0,0,0,0,0,0,0,0,0,0.127,1
158819,Jun,Product 6,Channel 4,IL,Bureau 1,2.9,725,5000,130000,74,1,9,104219.8833,67,8,0.00925,Y,13,0,96,0.20144,1,27,19,N,67,1812,2,4,10,19,23,5,0,1201136,21,421,7,0,0,0,0,0,0,0,0,0,0,0,0,0,0,0,0,0,0,0,0,0.2035,1
100007,Jan,Product 1,Channel 4,CA,Bureau 1,7.1,650,1000,45000,61,3,3,28376,1,1,0.04827,N,3,3,5,0.28235,0,69,29,N,1,246,0,1,4,28,30,3,3,775000,2,325,-1,0,0,0,0,0,0,0,0,0,0,0,0,0,0,0,0,0,0,0,0,0.2493,1
110408,Feb,Product 4,Channel 4,NY,Bureau 1,9.8,675,1000,60000,87,2,2,17606,0,0,0.01644,Y,1,1,51,0.32432,0,70,96,N,-1,2506,0,6,8,15,17,4,3,456454,2,313,-1,0,0,0,0,0,0,0,0,0,0,0,0,0,0,0,0,0,0,0,0,0.2787,1
131214,Mar,Product 1,Channel 1,NJ,Bureau 1,4.8,675,15000,150000,11,1,1,103499,11,1,0.0107,N,0,1,9,1.15384,0,72,19,N,11,288,0,1,9,28,34,3,-1,0,38,336,0,0,0,0,0,0,0,0,0,0,0,0,0,0,0,0,0,0,0,0,0,0.172,1
100009,Jan,Product 11,Channel 2,NY,Bureau 1,3.6,700,1000,120000,15,3,3,80000,8,2,0.04764,N,14,1,162,1.04329,2,18,96,N,8,405,0,1,35,62,73,3,3,0,3,273,1,0,0,0,0,0,0,0,0,0,0,0,0,0,0,0,0,0,0,0,0,0.2432,1
138515,Apr,Product 11,Channel 2,CA,No Bureau Hit,4.7,700,4000,50000,16,2,2,26387,0,0,0.01425,N,0,0,80,0.38461,0,72,85,N,-1,134,0,1,3,27,36,2,2,910000,32,278,-1,0,0,0,0,0,0,0,0,0,0,0,0,0,0,0,0,0,0,0,0,0.1439,1
128725,Mar,Product 6,Channel 1,CA,Bureau 1,2.9,900,2000,90000,1,1,1,49075.03333,1,1,0.04656,N,9,1,500,0.40652,1,67,19,N,1,50,0,0,1,4,6,0,0,999000,9,422,-1,0,0,0,0,0,0,0,0,0,0,0,0,0,0,0,0,0,0,0,0,0.1404,1
152390,Jun,Product 6,Channel 2,CA,Bureau 1,2,900,5000,90000,1,1,1,54817.3,1,1,0.0616,N,96,1,500,0.372,0,24,18,N,1,44,0,0,112,155,187,0,0,0,255,449,-1,0,0,0,0,0,0,0,0,0,0,0,0,0,0,0,0,0,0,0,0,0.1971,1
153656,Jun,Product 1,Channel 3,TX,Bureau 1,4.7,900,1000,20000,1,1,1,14066.66667,1,1,0.00397,N,0,0,3,0.13714,0,68,18,N,1,20,6,1,112,144,190,2,-1,0,255,305,-1,0,0,0,0,0,0,0,0,0,0,0,0,0,0,0,0,0,0,0,0,0.1503,1
131220,Mar,Product 11,Channel 3,CA,Bureau 1,4,725,13400,150000,92,2,2,83660.84625,0,0,0.03215,N,9,0,248,1.09339,2,68,18,N,-1,4,0,0,98,186,215,3,0,0,255,445,-1,0,0,0,0,0,0,0,0,0,0,0,0,0,0,0,0,0,0,0,0,0.1332,1
110404,Feb,Product 1,Channel 4,IL,Bureau 1,3.3,700,10000,150000,7,1,1,109495,7,1,0.02184,N,0,2,50,1.25,0,68,19,N,7,225,0,1,5,23,27,3,-1,260000,-1,343,0,0,0,0,0,0,0,0,0,0,0,0,0,0,0,0,0,0,0,0,0,0.1246,1
136668,Apr,Product 6,Channel 2,NY,No Bureau Hit,4.2,900,1000,30000,5,1,1,16251.66667,5,1,0.01175,N,1,0,500,0.1875,1,68,19,N,5,111,0,1,7,18,22,2,0,350485,19,371,0,0,0,0,0,0,0,0,0,0,0,0,0,0,0,0,0,0,0,0,0,0.1762,1
144346,May,Product 6,Channel 4,CA,Bureau 1,2.8,900,5000,110000,1,1,1,67278.33,1,1,0.03004,N,6,1,487,0.4536,0,24,15,N,1,46,0,0,111,0,0,0,0,0,0,430,-1,0,0,0,0,0,0,0,0,0,0,0,0,0,0,0,0,0,0,0,0,0.149,1
100012,Jan,Product 1,Channel 2,CA,Bureau 1,8.2,725,1000,65000,14,10,10,43330.33333,14,10,0.00927,N,0,3,5,0.325,0,99,99,N,14,415,2,4,17,26,28,5,3,0,15,6,8,0,0,0,0,0,0,0,0,0,0,0,0,0,0,0,0,0,0,0,0,0.1762,1
114514,Feb,Product 1,Channel 4,CT,Bureau 1,7,675,3800,25000,16,1,1,13691.5,0,0,0.00396,N,1,1,204,0.16666,0,25,84,N,-1,243,0,2,7,69,91,3,-1,0,-1,306,-1,0,0,0,0,0,0,0,0,0,0,0,0,0,0,0,0,0,0,0,0,0.1018,1
161946,Jun,Product 1,Channel 3,CA,Bureau 1,1.4,725,2000,80000,16,1,1,47154.66667,16,1,0.00715,N,0,1,500,0.30769,1,44,17,N,16,497,0,0,144,0,0,3,0,0,0,262,0,0,0,0,0,0,0,0,0,0,0,0,0,0,0,0,0,0,0,0,0,0.1332,1
161442,Jun,Product 6,Channel 2,CA,Bureau 1,5.3,900,2000,100000,1,1,1,61108.18333,1,1,0.04883,N,117,1,487,0.34333,0,61,19,N,1,46,0,0,11,27,33,0,0,485000,30,474,-1,0,0,0,0,0,0,0,0,0,0,0,0,0,0,0,0,0,0,0,0,0.2493,1
100019,Jan,Product 11,Channel 3,NY,Bureau 1,1.8,750,6200,85000,189,2,8,53272.66667,189,8,0.03602,Y,23,0,905,0.58219,0,68,0,Y,189,612,0,2,100,0,0,3,3,0,8,431,7,0,0,0,0,0,0,0,0,0,0,0,0,0,0,0,0,0,0,0,0,0.2787,1
131219,Mar,Product 4,Channel 1,NJ,Bureau 2,4.4,900,1000,30000,0,0,0,20565.33333,0,0,0.02543,N,16,0,500,0.23703,0,98,19,N,0,1,0,0,7,32,41,0,-1,525000,40,437,-1,0,0,0,0,0,0,0,0,0,0,0,0,0,0,0,0,0,0,0,0,0.1609,1
141717,May,Product 6,Channel 1,CA,Bureau 1,1.1,900,5000,85000,4,1,1,50455.49333,4,1,0.02199,N,11,1,904,0.3424,0,50,19,N,4,113,0,2,111,0,0,0,0,0,0,480,0,0,0,0,0,0,0,0,0,0,0,0,0,0,0,0,0,0,0,0,0,0.1503,1
139356,Apr,Product 7,Channel 1,CA,Bureau 1,0,900,5000,190000,0,0,0,102199.25,0,0,0.0202,N,200,0,907,1.18181,0,27,19,Y,0,0,0,0,13,34,37,0,-1,360000,44,478,-1,0,0,0,0,0,0,0,0,0,0,0,0,0,0,0,0,0,0,0,0,0.2035,1
150031,May,Product 7,Channel 1,FL,Bureau 2,0.4,800,10000,40000,121,5,27,26585,0,0,0.00144,Y,7,0,11,0.2,0,99,98,Y,121,2563,7,6,129,1,1,6,3,0,1,295,24,0,0,0,0,0,0,0,0,0,0,0,0,0,0,0,0,0,0,0,0,0.149,1
153341,Jun,Product 1,Channel 4,VA,Bureau 1,4,900,2000,50000,0,0,0,33561.66667,0,0,0.04361,N,1,0,98,0.27548,0,68,18,Y,0,0,0,2,26,45,59,0,0,0,116,342,-1,0,0,0,0,0,0,0,0,0,0,0,0,0,0,0,0,0,0,0,0,0.149,1
123668,Mar,Product 1,Channel 1,IN,Bureau 1,3.1,775,2000,80000,69,3,6,66173.814,69,6,0.00066,Y,0,0,5,0.34887,0,68,88,N,69,469,2,3,0,0,0,5,3,282913,5,317,3,0,0,0,0,0,0,0,0,0,0,0,0,0,0,0,0,0,0,0,0,0.172,1
131223,Mar,Product 1,Channel 3,FL,Bureau 1,4.1,675,1000,300000,188,1,8,160715,188,8,0.0029,Y,0,0,5,1.57894,0,78,88,N,188,1695,6,4,9,7,7,6,3,661119,8,85,7,0,0,0,0,0,0,0,0,0,0,0,0,0,0,0,0,0,0,0,0,0.1404,1
123397,Mar,Product 6,Channel 1,TX,No Bureau Hit,0.8,725,14400,70000,51,3,3,49833.33333,51,3,0.00046,Y,2,0,491,0.4375,0,54,28,N,51,1020,6,3,101,0,0,5,3,0,2,381,2,0,0,0,0,0,0,0,0,0,0,0,0,0,0,0,0,0,0,0,0,0.1517,1
152085,Jun,Product 6,Channel 1,CA,Bureau 1,0.4,750,10000,40000,10,1,1,26914.66667,10,1,0.05355,N,37,0,283,0.25294,0,67,19,N,10,256,0,1,11,22,26,3,3,1075000,32,481,0,0,0,0,0,0,0,0,0,0,0,0,0,0,0,0,0,0,0,0,0,0.1762,1
127343,Mar,Product 1,Channel 2,CT,Bureau 1,7.3,900,1000,120000,0,0,0,86436,0,0,0.05753,Y,51,0,207,0.8,0,68,17,Y,0,0,0,0,22,68,80,2,-1,0,93,407,-1,0,0,0,0,0,0,0,0,0,0,0,0,0,0,0,0,0,0,0,0,0.149,1
100023,Jan,Product 1,Channel 3,CT,Bureau 1,2.3,750,6000,60000,96,1,1,48650.66667,96,1,0.02563,Y,1,0,500,0.2085,0,68,13,N,96,2919,2,6,8,8,26,0,0,0,1,478,0,0,0,0,0,0,0,0,0,0,0,0,0,0,0,0,0,0,0,0,0,0.1762,1
107027,Jan,Product 6,Channel 4,CA,Bureau 1,3,900,2000,130000,0,0,0,89333.33333,0,0,0.04002,N,21,1,500,0.62325,1,0,15,N,0,438,0,2,5,22,24,3,3,1079000,1,483,-1,0,0,0,0,0,0,0,0,0,0,0,0,0,0,0,0,0,0,0,0,0.149,1
110407,Feb,Product 4,Channel 2,NY,Bureau 2,5.5,900,1000,75000,84,0,5,48674.6,0,0,0.01569,N,2,0,184,0.34666,1,68,18,N,77,2472,0,5,105,93,156,3,3,0,1,350,3,0,0,0,0,0,0,0,0,0,0,0,0,0,0,0,0,0,0,0,0,0.1393,1
143673,May,Product 7,Channel 3,NC,Bureau 2,0,900,5000,100000,0,0,0,55874.33333,0,0,0.00207,N,0,0,50,0.33333,0,52,0,N,0,45,0,0,2,0,0,0,-1,0,1,482,-1,0,0,0,0,0,0,0,0,0,0,0,0,0,0,0,0,0,0,0,0,0.2627,1
162483,Jun,Product 6,Channel 3,MN,No Bureau Hit,0.1,750,25000,65000,91,2,2,47294,15,1,0.00008,Y,0,0,11,0.37142,0,72,86,N,15,12991,7,6,4,10,10,12,7,339252,11,139,0,0,0,0,0,0,0,0,0,0,0,0,0,0,0,0,0,0,0,0,0,0.172,1
148569,May,Product 7,Channel 3,PA,Bureau 1,2.7,675,10000,80000,10,2,2,58155.66667,10,2,0.02189,N,1,0,95,0.64,1,50,17,N,10,39,2,2,71,211,255,3,3,0,255,423,1,0,0,0,0,0,0,0,0,0,0,0,0,0,0,0,0,0,0,0,0,0.2787,1
152081,Jun,Product 11,Channel 1,FL,Bureau 1,3.7,675,2000,300000,232,5,8,166185,0,0,0.02813,N,0,2,11,0.9756,0,68,29,N,-1,58,4,6,4,8,9,3,7,1366172,10,461,0,0,0,0,0,0,0,0,0,0,0,0,0,0,0,0,0,0,0,0,0,0.1592,1
100026,Jan,Product 4,Channel 1,CA,Bureau 1,5.1,675,1000,120000,176,2,18,80139.73333,176,16,0.02528,Y,2,2,5,0.49795,0,99,39,N,176,2485,2,6,7,33,34,8,3,875000,9,332,17,0,0,0,0,0,0,0,0,0,0,0,0,0,0,0,0,0,0,0,0,0.1517,1
106684,Jan,Product 1,Channel 3,FL,Bureau 2,1.6,750,8000,200000,7,1,1,133274.1167,0,0,0.0455,Y,0,1,11,0.5,0,67,15,N,7,116,2,2,4,5,8,6,-1,745209,-1,399,0,0,0,0,0,0,0,0,0,0,0,0,0,0,0,0,0,0,0,0,0,0.1971,1
118552,Feb,Product 1,Channel 4,MN,Bureau 1,3.3,800,2000,160000,590,5,13,110323.888,590,2,0.00437,Y,30,2,11,0.8,0,72,29,N,590,9787,6,6,5,7,8,10,3,263857,14,234,11,0,0,0,0,0,0,0,0,0,0,0,0,0,0,0,0,0,0,0,0,0.2035,1
135653,Apr,Product 1,Channel 1,CA,Bureau 2,2.9,900,2000,500000,0,0,0,215808.3333,0,0,0.03603,N,1,1,3,2.43902,0,99,27,N,0,27,0,0,16,0,0,0,-1,0,0,311,-1,2930,990,990,28,9,162039,1400,24,0,0,0,0,0,131988,500,12,0,0.147,0.012,0.06,0.1609,1